,Actual,Predicted,,# true predictions,% accuracy,,,,,
0,0,1,FALSE,1798,42.41566407,,,Predicted Label,,
1,1,1,TRUE,,,,,-1,0,1
2,1,0,FALSE,,,Actual Label,-1,31,318,
3,0,0,TRUE,,,,0,70,1133,
4,1,0,FALSE,,,,1,31,970,
5,0,1,FALSE,,,,,,,
6,-1,0,FALSE,,,,,,,
7,0,0,TRUE,,,,,,,
8,1,0,FALSE,,,,,,,
9,0,1,FALSE,,,,,,,
10,0,0,TRUE,,,,,,,
11,0,0,TRUE,,,,,,,
12,1,0,FALSE,,,,,,,
13,0,0,TRUE,,,,,,,
14,0,1,FALSE,,,,,,,
15,1,0,FALSE,,,,,,,
16,-1,0,FALSE,,,,,,,
17,0,0,TRUE,,,,,,,
18,0,0,TRUE,,,,,,,
19,1,0,FALSE,,,,,,,
20,0,1,FALSE,,,,,,,
21,0,1,FALSE,,,,,,,
22,1,1,TRUE,,,,,,,
23,-1,1,FALSE,,,,,,,
24,0,0,TRUE,,,,,,,
25,0,1,FALSE,,,,,,,
26,1,1,TRUE,,,,,,,
27,1,1,TRUE,,,,,,,
28,-1,0,FALSE,,,,,,,
29,0,1,FALSE,,,,,,,
30,1,1,TRUE,,,,,,,
31,0,0,TRUE,,,,,,,
32,1,1,TRUE,,,,,,,
33,0,0,TRUE,,,,,,,
34,-1,0,FALSE,,,,,,,
35,0,1,FALSE,,,,,,,
36,0,0,TRUE,,,,,,,
37,1,0,FALSE,,,,,,,
38,0,0,TRUE,,,,,,,
39,0,0,TRUE,,,,,,,
40,0,1,FALSE,,,,,,,
41,1,-1,FALSE,,,,,,,
42,1,0,FALSE,,,,,,,
43,0,0,TRUE,,,,,,,
44,1,0,FALSE,,,,,,,
45,1,0,FALSE,,,,,,,
46,0,1,FALSE,,,,,,,
47,0,1,FALSE,,,,,,,
48,1,1,TRUE,,,,,,,
49,1,0,FALSE,,,,,,,
50,-1,0,FALSE,,,,,,,
51,0,-1,FALSE,,,,,,,
52,1,0,FALSE,,,,,,,
53,1,0,FALSE,,,,,,,
54,0,0,TRUE,,,,,,,
55,0,0,TRUE,,,,,,,
56,0,1,FALSE,,,,,,,
57,-1,0,FALSE,,,,,,,
58,1,1,TRUE,,,,,,,
59,0,1,FALSE,,,,,,,
60,0,1,FALSE,,,,,,,
61,0,0,TRUE,,,,,,,
62,1,1,TRUE,,,,,,,
63,1,0,FALSE,,,,,,,
64,-1,1,FALSE,,,,,,,
65,0,1,FALSE,,,,,,,
66,1,1,TRUE,,,,,,,
67,0,-1,FALSE,,,,,,,
68,0,0,TRUE,,,,,,,
69,1,0,FALSE,,,,,,,
70,0,1,FALSE,,,,,,,
71,1,0,FALSE,,,,,,,
72,1,0,FALSE,,,,,,,
73,-1,0,FALSE,,,,,,,
74,1,-1,FALSE,,,,,,,
75,-1,1,FALSE,,,,,,,
76,0,0,TRUE,,,,,,,
77,0,-1,FALSE,,,,,,,
78,1,1,TRUE,,,,,,,
79,1,0,FALSE,,,,,,,
80,1,0,FALSE,,,,,,,
81,1,0,FALSE,,,,,,,
82,1,0,FALSE,,,,,,,
83,0,1,FALSE,,,,,,,
84,1,0,FALSE,,,,,,,
85,0,0,TRUE,,,,,,,
86,1,0,FALSE,,,,,,,
87,-1,1,FALSE,,,,,,,
88,-1,0,FALSE,,,,,,,
89,0,0,TRUE,,,,,,,
90,1,0,FALSE,,,,,,,
91,-1,1,FALSE,,,,,,,
92,1,0,FALSE,,,,,,,
93,0,0,TRUE,,,,,,,
94,-1,1,FALSE,,,,,,,
95,0,0,TRUE,,,,,,,
96,1,1,TRUE,,,,,,,
97,1,1,TRUE,,,,,,,
98,1,1,TRUE,,,,,,,
99,-1,0,FALSE,,,,,,,
100,1,0,FALSE,,,,,,,
101,1,1,TRUE,,,,,,,
102,1,0,FALSE,,,,,,,
103,0,-1,FALSE,,,,,,,
104,1,0,FALSE,,,,,,,
105,0,0,TRUE,,,,,,,
106,0,0,TRUE,,,,,,,
107,0,0,TRUE,,,,,,,
108,-1,0,FALSE,,,,,,,
109,1,0,FALSE,,,,,,,
110,0,0,TRUE,,,,,,,
111,-1,1,FALSE,,,,,,,
112,0,1,FALSE,,,,,,,
113,1,0,FALSE,,,,,,,
114,1,0,FALSE,,,,,,,
115,1,0,FALSE,,,,,,,
116,0,0,TRUE,,,,,,,
117,0,0,TRUE,,,,,,,
118,1,0,FALSE,,,,,,,
119,1,1,TRUE,,,,,,,
120,0,0,TRUE,,,,,,,
121,1,0,FALSE,,,,,,,
122,1,0,FALSE,,,,,,,
123,0,0,TRUE,,,,,,,
124,1,-1,FALSE,,,,,,,
125,-1,0,FALSE,,,,,,,
126,-1,1,FALSE,,,,,,,
127,1,0,FALSE,,,,,,,
128,0,1,FALSE,,,,,,,
129,1,-1,FALSE,,,,,,,
130,0,0,TRUE,,,,,,,
131,-1,1,FALSE,,,,,,,
132,0,1,FALSE,,,,,,,
133,1,0,FALSE,,,,,,,
134,0,1,FALSE,,,,,,,
135,1,0,FALSE,,,,,,,
136,0,0,TRUE,,,,,,,
137,0,1,FALSE,,,,,,,
138,-1,0,FALSE,,,,,,,
139,0,0,TRUE,,,,,,,
140,0,0,TRUE,,,,,,,
141,1,0,FALSE,,,,,,,
142,1,1,TRUE,,,,,,,
143,0,0,TRUE,,,,,,,
144,0,1,FALSE,,,,,,,
145,0,1,FALSE,,,,,,,
146,0,0,TRUE,,,,,,,
147,0,0,TRUE,,,,,,,
148,-1,0,FALSE,,,,,,,
149,1,0,FALSE,,,,,,,
150,0,1,FALSE,,,,,,,
151,0,1,FALSE,,,,,,,
152,0,1,FALSE,,,,,,,
153,1,1,TRUE,,,,,,,
154,1,1,TRUE,,,,,,,
155,1,1,TRUE,,,,,,,
156,1,0,FALSE,,,,,,,
157,1,0,FALSE,,,,,,,
158,1,0,FALSE,,,,,,,
159,1,0,FALSE,,,,,,,
160,0,1,FALSE,,,,,,,
161,-1,-1,TRUE,,,,,,,
162,0,1,FALSE,,,,,,,
163,1,1,TRUE,,,,,,,
164,-1,0,FALSE,,,,,,,
165,0,0,TRUE,,,,,,,
166,1,0,FALSE,,,,,,,
167,1,0,FALSE,,,,,,,
168,0,1,FALSE,,,,,,,
169,1,1,TRUE,,,,,,,
170,1,0,FALSE,,,,,,,
171,0,1,FALSE,,,,,,,
172,0,0,TRUE,,,,,,,
173,0,0,TRUE,,,,,,,
174,1,1,TRUE,,,,,,,
175,0,-1,FALSE,,,,,,,
176,0,1,FALSE,,,,,,,
177,0,0,TRUE,,,,,,,
178,1,1,TRUE,,,,,,,
179,-1,1,FALSE,,,,,,,
180,0,0,TRUE,,,,,,,
181,1,-1,FALSE,,,,,,,
182,-1,0,FALSE,,,,,,,
183,0,0,TRUE,,,,,,,
184,1,0,FALSE,,,,,,,
185,-1,1,FALSE,,,,,,,
186,1,0,FALSE,,,,,,,
187,0,-1,FALSE,,,,,,,
188,0,1,FALSE,,,,,,,
189,-1,0,FALSE,,,,,,,
190,-1,0,FALSE,,,,,,,
191,0,1,FALSE,,,,,,,
192,0,1,FALSE,,,,,,,
193,0,1,FALSE,,,,,,,
194,0,1,FALSE,,,,,,,
195,1,0,FALSE,,,,,,,
196,0,1,FALSE,,,,,,,
197,1,0,FALSE,,,,,,,
198,1,0,FALSE,,,,,,,
199,-1,0,FALSE,,,,,,,
200,0,0,TRUE,,,,,,,
201,0,0,TRUE,,,,,,,
202,0,0,TRUE,,,,,,,
203,0,1,FALSE,,,,,,,
204,1,1,TRUE,,,,,,,
205,-1,0,FALSE,,,,,,,
206,-1,1,FALSE,,,,,,,
207,-1,1,FALSE,,,,,,,
208,1,0,FALSE,,,,,,,
209,-1,0,FALSE,,,,,,,
210,0,1,FALSE,,,,,,,
211,0,0,TRUE,,,,,,,
212,0,0,TRUE,,,,,,,
213,0,0,TRUE,,,,,,,
214,0,-1,FALSE,,,,,,,
215,-1,1,FALSE,,,,,,,
216,0,1,FALSE,,,,,,,
217,0,0,TRUE,,,,,,,
218,0,0,TRUE,,,,,,,
219,-1,0,FALSE,,,,,,,
220,1,0,FALSE,,,,,,,
221,1,0,FALSE,,,,,,,
222,1,1,TRUE,,,,,,,
223,1,1,TRUE,,,,,,,
224,0,0,TRUE,,,,,,,
225,0,1,FALSE,,,,,,,
226,1,1,TRUE,,,,,,,
227,1,0,FALSE,,,,,,,
228,1,1,TRUE,,,,,,,
229,1,0,FALSE,,,,,,,
230,0,0,TRUE,,,,,,,
231,-1,0,FALSE,,,,,,,
232,1,1,TRUE,,,,,,,
233,-1,0,FALSE,,,,,,,
234,1,0,FALSE,,,,,,,
235,1,0,FALSE,,,,,,,
236,0,0,TRUE,,,,,,,
237,-1,0,FALSE,,,,,,,
238,1,0,FALSE,,,,,,,
239,-1,0,FALSE,,,,,,,
240,0,1,FALSE,,,,,,,
241,1,-1,FALSE,,,,,,,
242,1,1,TRUE,,,,,,,
243,0,0,TRUE,,,,,,,
244,0,0,TRUE,,,,,,,
245,1,1,TRUE,,,,,,,
246,0,0,TRUE,,,,,,,
247,0,0,TRUE,,,,,,,
248,1,1,TRUE,,,,,,,
249,-1,0,FALSE,,,,,,,
250,1,1,TRUE,,,,,,,
251,-1,0,FALSE,,,,,,,
252,0,1,FALSE,,,,,,,
253,0,1,FALSE,,,,,,,
254,1,1,TRUE,,,,,,,
255,1,1,TRUE,,,,,,,
256,1,1,TRUE,,,,,,,
257,0,0,TRUE,,,,,,,
258,0,0,TRUE,,,,,,,
259,0,1,FALSE,,,,,,,
260,0,1,FALSE,,,,,,,
261,0,0,TRUE,,,,,,,
262,-1,0,FALSE,,,,,,,
263,0,0,TRUE,,,,,,,
264,-1,0,FALSE,,,,,,,
265,0,-1,FALSE,,,,,,,
266,1,0,FALSE,,,,,,,
267,-1,1,FALSE,,,,,,,
268,1,1,TRUE,,,,,,,
269,-1,0,FALSE,,,,,,,
270,1,0,FALSE,,,,,,,
271,0,-1,FALSE,,,,,,,
272,0,0,TRUE,,,,,,,
273,-1,1,FALSE,,,,,,,
274,1,1,TRUE,,,,,,,
275,0,1,FALSE,,,,,,,
276,1,0,FALSE,,,,,,,
277,0,0,TRUE,,,,,,,
278,1,0,FALSE,,,,,,,
279,0,1,FALSE,,,,,,,
280,-1,1,FALSE,,,,,,,
281,0,0,TRUE,,,,,,,
282,1,0,FALSE,,,,,,,
283,1,1,TRUE,,,,,,,
284,1,1,TRUE,,,,,,,
285,-1,0,FALSE,,,,,,,
286,0,0,TRUE,,,,,,,
287,0,0,TRUE,,,,,,,
288,1,0,FALSE,,,,,,,
289,0,1,FALSE,,,,,,,
290,0,1,FALSE,,,,,,,
291,0,0,TRUE,,,,,,,
292,0,0,TRUE,,,,,,,
293,0,0,TRUE,,,,,,,
294,1,0,FALSE,,,,,,,
295,1,0,FALSE,,,,,,,
296,1,0,FALSE,,,,,,,
297,1,0,FALSE,,,,,,,
298,1,0,FALSE,,,,,,,
299,0,1,FALSE,,,,,,,
300,0,0,TRUE,,,,,,,
301,1,1,TRUE,,,,,,,
302,-1,-1,TRUE,,,,,,,
303,-1,1,FALSE,,,,,,,
304,0,0,TRUE,,,,,,,
305,1,1,TRUE,,,,,,,
306,0,0,TRUE,,,,,,,
307,1,0,FALSE,,,,,,,
308,1,0,FALSE,,,,,,,
309,1,0,FALSE,,,,,,,
310,0,0,TRUE,,,,,,,
311,1,0,FALSE,,,,,,,
312,0,1,FALSE,,,,,,,
313,1,0,FALSE,,,,,,,
314,0,1,FALSE,,,,,,,
315,1,0,FALSE,,,,,,,
316,0,0,TRUE,,,,,,,
317,-1,0,FALSE,,,,,,,
318,-1,1,FALSE,,,,,,,
319,-1,0,FALSE,,,,,,,
320,1,0,FALSE,,,,,,,
321,1,1,TRUE,,,,,,,
322,0,0,TRUE,,,,,,,
323,0,0,TRUE,,,,,,,
324,0,1,FALSE,,,,,,,
325,0,0,TRUE,,,,,,,
326,1,0,FALSE,,,,,,,
327,0,0,TRUE,,,,,,,
328,-1,0,FALSE,,,,,,,
329,0,0,TRUE,,,,,,,
330,0,0,TRUE,,,,,,,
331,-1,1,FALSE,,,,,,,
332,0,1,FALSE,,,,,,,
333,1,0,FALSE,,,,,,,
334,0,0,TRUE,,,,,,,
335,1,1,TRUE,,,,,,,
336,1,0,FALSE,,,,,,,
337,1,0,FALSE,,,,,,,
338,0,0,TRUE,,,,,,,
339,0,1,FALSE,,,,,,,
340,1,0,FALSE,,,,,,,
341,0,1,FALSE,,,,,,,
342,0,0,TRUE,,,,,,,
343,0,0,TRUE,,,,,,,
344,1,0,FALSE,,,,,,,
345,0,0,TRUE,,,,,,,
346,0,1,FALSE,,,,,,,
347,1,0,FALSE,,,,,,,
348,0,1,FALSE,,,,,,,
349,0,1,FALSE,,,,,,,
350,0,1,FALSE,,,,,,,
351,-1,0,FALSE,,,,,,,
352,1,0,FALSE,,,,,,,
353,1,0,FALSE,,,,,,,
354,-1,0,FALSE,,,,,,,
355,1,0,FALSE,,,,,,,
356,0,1,FALSE,,,,,,,
357,-1,0,FALSE,,,,,,,
358,0,1,FALSE,,,,,,,
359,0,0,TRUE,,,,,,,
360,0,0,TRUE,,,,,,,
361,0,0,TRUE,,,,,,,
362,1,1,TRUE,,,,,,,
363,0,0,TRUE,,,,,,,
364,0,0,TRUE,,,,,,,
365,1,0,FALSE,,,,,,,
366,0,1,FALSE,,,,,,,
367,1,0,FALSE,,,,,,,
368,1,1,TRUE,,,,,,,
369,1,0,FALSE,,,,,,,
370,0,0,TRUE,,,,,,,
371,-1,0,FALSE,,,,,,,
372,1,1,TRUE,,,,,,,
373,0,0,TRUE,,,,,,,
374,-1,1,FALSE,,,,,,,
375,-1,0,FALSE,,,,,,,
376,1,1,TRUE,,,,,,,
377,0,0,TRUE,,,,,,,
378,1,1,TRUE,,,,,,,
379,1,0,FALSE,,,,,,,
380,0,1,FALSE,,,,,,,
381,0,1,FALSE,,,,,,,
382,0,-1,FALSE,,,,,,,
383,0,1,FALSE,,,,,,,
384,0,0,TRUE,,,,,,,
385,1,0,FALSE,,,,,,,
386,0,0,TRUE,,,,,,,
387,-1,1,FALSE,,,,,,,
388,-1,1,FALSE,,,,,,,
389,1,0,FALSE,,,,,,,
390,0,1,FALSE,,,,,,,
391,0,0,TRUE,,,,,,,
392,0,1,FALSE,,,,,,,
393,1,0,FALSE,,,,,,,
394,0,1,FALSE,,,,,,,
395,0,1,FALSE,,,,,,,
396,1,1,TRUE,,,,,,,
397,0,1,FALSE,,,,,,,
398,-1,0,FALSE,,,,,,,
399,1,0,FALSE,,,,,,,
400,1,1,TRUE,,,,,,,
401,0,0,TRUE,,,,,,,
402,-1,0,FALSE,,,,,,,
403,0,1,FALSE,,,,,,,
404,-1,0,FALSE,,,,,,,
405,0,1,FALSE,,,,,,,
406,0,0,TRUE,,,,,,,
407,0,0,TRUE,,,,,,,
408,0,0,TRUE,,,,,,,
409,1,0,FALSE,,,,,,,
410,0,0,TRUE,,,,,,,
411,0,0,TRUE,,,,,,,
412,0,1,FALSE,,,,,,,
413,1,0,FALSE,,,,,,,
414,0,1,FALSE,,,,,,,
415,0,0,TRUE,,,,,,,
416,0,0,TRUE,,,,,,,
417,1,1,TRUE,,,,,,,
418,0,1,FALSE,,,,,,,
419,0,1,FALSE,,,,,,,
420,0,0,TRUE,,,,,,,
421,1,0,FALSE,,,,,,,
422,0,0,TRUE,,,,,,,
423,0,0,TRUE,,,,,,,
424,-1,0,FALSE,,,,,,,
425,0,0,TRUE,,,,,,,
426,0,1,FALSE,,,,,,,
427,1,0,FALSE,,,,,,,
428,1,0,FALSE,,,,,,,
429,-1,0,FALSE,,,,,,,
430,-1,1,FALSE,,,,,,,
431,0,0,TRUE,,,,,,,
432,-1,1,FALSE,,,,,,,
433,1,0,FALSE,,,,,,,
434,0,0,TRUE,,,,,,,
435,1,1,TRUE,,,,,,,
436,1,1,TRUE,,,,,,,
437,0,1,FALSE,,,,,,,
438,1,0,FALSE,,,,,,,
439,-1,1,FALSE,,,,,,,
440,0,0,TRUE,,,,,,,
441,1,0,FALSE,,,,,,,
442,0,1,FALSE,,,,,,,
443,1,0,FALSE,,,,,,,
444,0,0,TRUE,,,,,,,
445,1,0,FALSE,,,,,,,
446,1,0,FALSE,,,,,,,
447,0,0,TRUE,,,,,,,
448,1,0,FALSE,,,,,,,
449,0,0,TRUE,,,,,,,
450,0,1,FALSE,,,,,,,
451,-1,-1,TRUE,,,,,,,
452,1,0,FALSE,,,,,,,
453,1,0,FALSE,,,,,,,
454,0,0,TRUE,,,,,,,
455,1,1,TRUE,,,,,,,
456,0,1,FALSE,,,,,,,
457,1,0,FALSE,,,,,,,
458,0,1,FALSE,,,,,,,
459,1,0,FALSE,,,,,,,
460,0,1,FALSE,,,,,,,
461,1,0,FALSE,,,,,,,
462,0,0,TRUE,,,,,,,
463,1,0,FALSE,,,,,,,
464,0,1,FALSE,,,,,,,
465,0,-1,FALSE,,,,,,,
466,0,1,FALSE,,,,,,,
467,0,0,TRUE,,,,,,,
468,-1,1,FALSE,,,,,,,
469,0,1,FALSE,,,,,,,
470,1,1,TRUE,,,,,,,
471,0,1,FALSE,,,,,,,
472,-1,1,FALSE,,,,,,,
473,0,0,TRUE,,,,,,,
474,-1,1,FALSE,,,,,,,
475,1,0,FALSE,,,,,,,
476,1,1,TRUE,,,,,,,
477,1,0,FALSE,,,,,,,
478,-1,1,FALSE,,,,,,,
479,0,0,TRUE,,,,,,,
480,0,0,TRUE,,,,,,,
481,-1,1,FALSE,,,,,,,
482,0,0,TRUE,,,,,,,
483,1,0,FALSE,,,,,,,
484,1,0,FALSE,,,,,,,
485,1,0,FALSE,,,,,,,
486,0,0,TRUE,,,,,,,
487,0,0,TRUE,,,,,,,
488,-1,1,FALSE,,,,,,,
489,0,0,TRUE,,,,,,,
490,0,1,FALSE,,,,,,,
491,0,0,TRUE,,,,,,,
492,0,0,TRUE,,,,,,,
493,1,1,TRUE,,,,,,,
494,1,1,TRUE,,,,,,,
495,-1,0,FALSE,,,,,,,
496,1,0,FALSE,,,,,,,
497,1,-1,FALSE,,,,,,,
498,-1,1,FALSE,,,,,,,
499,0,0,TRUE,,,,,,,
500,0,0,TRUE,,,,,,,
501,-1,0,FALSE,,,,,,,
502,-1,0,FALSE,,,,,,,
503,1,1,TRUE,,,,,,,
504,0,1,FALSE,,,,,,,
505,1,1,TRUE,,,,,,,
506,1,0,FALSE,,,,,,,
507,0,0,TRUE,,,,,,,
508,0,0,TRUE,,,,,,,
509,0,0,TRUE,,,,,,,
510,0,0,TRUE,,,,,,,
511,1,0,FALSE,,,,,,,
512,0,1,FALSE,,,,,,,
513,1,0,FALSE,,,,,,,
514,0,-1,FALSE,,,,,,,
515,0,1,FALSE,,,,,,,
516,0,0,TRUE,,,,,,,
517,1,1,TRUE,,,,,,,
518,0,0,TRUE,,,,,,,
519,-1,1,FALSE,,,,,,,
520,-1,0,FALSE,,,,,,,
521,0,1,FALSE,,,,,,,
522,0,0,TRUE,,,,,,,
523,1,0,FALSE,,,,,,,
524,0,0,TRUE,,,,,,,
525,0,1,FALSE,,,,,,,
526,1,0,FALSE,,,,,,,
527,0,0,TRUE,,,,,,,
528,-1,1,FALSE,,,,,,,
529,0,1,FALSE,,,,,,,
530,1,0,FALSE,,,,,,,
531,-1,0,FALSE,,,,,,,
532,-1,1,FALSE,,,,,,,
533,0,0,TRUE,,,,,,,
534,-1,0,FALSE,,,,,,,
535,0,0,TRUE,,,,,,,
536,0,0,TRUE,,,,,,,
537,0,0,TRUE,,,,,,,
538,-1,0,FALSE,,,,,,,
539,1,0,FALSE,,,,,,,
540,-1,0,FALSE,,,,,,,
541,0,0,TRUE,,,,,,,
542,0,0,TRUE,,,,,,,
543,0,1,FALSE,,,,,,,
544,0,1,FALSE,,,,,,,
545,-1,1,FALSE,,,,,,,
546,1,0,FALSE,,,,,,,
547,0,0,TRUE,,,,,,,
548,1,1,TRUE,,,,,,,
549,0,1,FALSE,,,,,,,
550,1,0,FALSE,,,,,,,
551,-1,-1,TRUE,,,,,,,
552,1,1,TRUE,,,,,,,
553,-1,1,FALSE,,,,,,,
554,0,0,TRUE,,,,,,,
555,1,0,FALSE,,,,,,,
556,1,1,TRUE,,,,,,,
557,1,0,FALSE,,,,,,,
558,-1,0,FALSE,,,,,,,
559,1,1,TRUE,,,,,,,
560,0,0,TRUE,,,,,,,
561,1,0,FALSE,,,,,,,
562,-1,1,FALSE,,,,,,,
563,0,0,TRUE,,,,,,,
564,0,0,TRUE,,,,,,,
565,1,1,TRUE,,,,,,,
566,1,0,FALSE,,,,,,,
567,0,1,FALSE,,,,,,,
568,-1,0,FALSE,,,,,,,
569,0,0,TRUE,,,,,,,
570,-1,1,FALSE,,,,,,,
571,0,1,FALSE,,,,,,,
572,-1,1,FALSE,,,,,,,
573,1,1,TRUE,,,,,,,
574,1,1,TRUE,,,,,,,
575,-1,0,FALSE,,,,,,,
576,1,0,FALSE,,,,,,,
577,0,1,FALSE,,,,,,,
578,0,0,TRUE,,,,,,,
579,1,0,FALSE,,,,,,,
580,0,0,TRUE,,,,,,,
581,0,1,FALSE,,,,,,,
582,0,0,TRUE,,,,,,,
583,1,1,TRUE,,,,,,,
584,1,1,TRUE,,,,,,,
585,0,0,TRUE,,,,,,,
586,0,0,TRUE,,,,,,,
587,0,1,FALSE,,,,,,,
588,0,1,FALSE,,,,,,,
589,1,1,TRUE,,,,,,,
590,0,1,FALSE,,,,,,,
591,1,0,FALSE,,,,,,,
592,1,1,TRUE,,,,,,,
593,-1,1,FALSE,,,,,,,
594,1,1,TRUE,,,,,,,
595,1,0,FALSE,,,,,,,
596,0,0,TRUE,,,,,,,
597,0,1,FALSE,,,,,,,
598,1,1,TRUE,,,,,,,
599,0,1,FALSE,,,,,,,
600,0,-1,FALSE,,,,,,,
601,1,0,FALSE,,,,,,,
602,0,0,TRUE,,,,,,,
603,1,0,FALSE,,,,,,,
604,-1,1,FALSE,,,,,,,
605,1,0,FALSE,,,,,,,
606,0,1,FALSE,,,,,,,
607,0,1,FALSE,,,,,,,
608,0,1,FALSE,,,,,,,
609,-1,0,FALSE,,,,,,,
610,1,1,TRUE,,,,,,,
611,1,0,FALSE,,,,,,,
612,1,0,FALSE,,,,,,,
613,1,0,FALSE,,,,,,,
614,-1,1,FALSE,,,,,,,
615,0,1,FALSE,,,,,,,
616,1,0,FALSE,,,,,,,
617,0,0,TRUE,,,,,,,
618,0,0,TRUE,,,,,,,
619,1,1,TRUE,,,,,,,
620,0,1,FALSE,,,,,,,
621,1,1,TRUE,,,,,,,
622,0,1,FALSE,,,,,,,
623,1,1,TRUE,,,,,,,
624,0,1,FALSE,,,,,,,
625,1,0,FALSE,,,,,,,
626,1,1,TRUE,,,,,,,
627,-1,1,FALSE,,,,,,,
628,1,0,FALSE,,,,,,,
629,-1,0,FALSE,,,,,,,
630,0,1,FALSE,,,,,,,
631,1,1,TRUE,,,,,,,
632,0,0,TRUE,,,,,,,
633,1,0,FALSE,,,,,,,
634,0,0,TRUE,,,,,,,
635,0,0,TRUE,,,,,,,
636,1,0,FALSE,,,,,,,
637,0,0,TRUE,,,,,,,
638,0,1,FALSE,,,,,,,
639,-1,0,FALSE,,,,,,,
640,0,0,TRUE,,,,,,,
641,0,0,TRUE,,,,,,,
642,1,0,FALSE,,,,,,,
643,1,0,FALSE,,,,,,,
644,-1,0,FALSE,,,,,,,
645,-1,-1,TRUE,,,,,,,
646,0,1,FALSE,,,,,,,
647,0,1,FALSE,,,,,,,
648,1,1,TRUE,,,,,,,
649,0,1,FALSE,,,,,,,
650,-1,1,FALSE,,,,,,,
651,0,1,FALSE,,,,,,,
652,1,1,TRUE,,,,,,,
653,1,0,FALSE,,,,,,,
654,-1,1,FALSE,,,,,,,
655,-1,1,FALSE,,,,,,,
656,1,1,TRUE,,,,,,,
657,0,-1,FALSE,,,,,,,
658,1,0,FALSE,,,,,,,
659,1,0,FALSE,,,,,,,
660,1,1,TRUE,,,,,,,
661,1,0,FALSE,,,,,,,
662,0,0,TRUE,,,,,,,
663,0,1,FALSE,,,,,,,
664,0,0,TRUE,,,,,,,
665,1,0,FALSE,,,,,,,
666,1,1,TRUE,,,,,,,
667,1,0,FALSE,,,,,,,
668,-1,0,FALSE,,,,,,,
669,0,1,FALSE,,,,,,,
670,1,0,FALSE,,,,,,,
671,1,1,TRUE,,,,,,,
672,1,0,FALSE,,,,,,,
673,0,-1,FALSE,,,,,,,
674,0,1,FALSE,,,,,,,
675,1,0,FALSE,,,,,,,
676,1,1,TRUE,,,,,,,
677,0,1,FALSE,,,,,,,
678,0,0,TRUE,,,,,,,
679,0,-1,FALSE,,,,,,,
680,0,1,FALSE,,,,,,,
681,0,0,TRUE,,,,,,,
682,1,-1,FALSE,,,,,,,
683,0,0,TRUE,,,,,,,
684,-1,1,FALSE,,,,,,,
685,1,1,TRUE,,,,,,,
686,0,0,TRUE,,,,,,,
687,0,0,TRUE,,,,,,,
688,1,0,FALSE,,,,,,,
689,0,0,TRUE,,,,,,,
690,1,1,TRUE,,,,,,,
691,1,0,FALSE,,,,,,,
692,-1,1,FALSE,,,,,,,
693,1,1,TRUE,,,,,,,
694,0,0,TRUE,,,,,,,
695,-1,0,FALSE,,,,,,,
696,1,0,FALSE,,,,,,,
697,-1,0,FALSE,,,,,,,
698,1,1,TRUE,,,,,,,
699,-1,0,FALSE,,,,,,,
700,1,0,FALSE,,,,,,,
701,0,0,TRUE,,,,,,,
702,0,0,TRUE,,,,,,,
703,1,1,TRUE,,,,,,,
704,1,-1,FALSE,,,,,,,
705,0,1,FALSE,,,,,,,
706,1,0,FALSE,,,,,,,
707,0,1,FALSE,,,,,,,
708,0,1,FALSE,,,,,,,
709,-1,1,FALSE,,,,,,,
710,-1,0,FALSE,,,,,,,
711,0,1,FALSE,,,,,,,
712,0,1,FALSE,,,,,,,
713,0,0,TRUE,,,,,,,
714,1,1,TRUE,,,,,,,
715,0,0,TRUE,,,,,,,
716,0,1,FALSE,,,,,,,
717,0,0,TRUE,,,,,,,
718,1,-1,FALSE,,,,,,,
719,0,0,TRUE,,,,,,,
720,0,1,FALSE,,,,,,,
721,-1,1,FALSE,,,,,,,
722,1,1,TRUE,,,,,,,
723,0,0,TRUE,,,,,,,
724,1,0,FALSE,,,,,,,
725,1,1,TRUE,,,,,,,
726,1,1,TRUE,,,,,,,
727,1,1,TRUE,,,,,,,
728,0,0,TRUE,,,,,,,
729,1,0,FALSE,,,,,,,
730,1,0,FALSE,,,,,,,
731,1,0,FALSE,,,,,,,
732,0,0,TRUE,,,,,,,
733,1,0,FALSE,,,,,,,
734,0,1,FALSE,,,,,,,
735,1,1,TRUE,,,,,,,
736,1,0,FALSE,,,,,,,
737,1,0,FALSE,,,,,,,
738,0,0,TRUE,,,,,,,
739,1,0,FALSE,,,,,,,
740,1,0,FALSE,,,,,,,
741,1,0,FALSE,,,,,,,
742,1,1,TRUE,,,,,,,
743,0,1,FALSE,,,,,,,
744,1,0,FALSE,,,,,,,
745,0,1,FALSE,,,,,,,
746,0,1,FALSE,,,,,,,
747,0,1,FALSE,,,,,,,
748,1,0,FALSE,,,,,,,
749,1,0,FALSE,,,,,,,
750,0,0,TRUE,,,,,,,
751,-1,0,FALSE,,,,,,,
752,0,1,FALSE,,,,,,,
753,0,0,TRUE,,,,,,,
754,0,1,FALSE,,,,,,,
755,1,0,FALSE,,,,,,,
756,1,0,FALSE,,,,,,,
757,1,1,TRUE,,,,,,,
758,0,1,FALSE,,,,,,,
759,-1,0,FALSE,,,,,,,
760,-1,0,FALSE,,,,,,,
761,0,1,FALSE,,,,,,,
762,0,0,TRUE,,,,,,,
763,0,0,TRUE,,,,,,,
764,0,0,TRUE,,,,,,,
765,1,0,FALSE,,,,,,,
766,-1,-1,TRUE,,,,,,,
767,1,0,FALSE,,,,,,,
768,0,0,TRUE,,,,,,,
769,-1,0,FALSE,,,,,,,
770,1,0,FALSE,,,,,,,
771,1,0,FALSE,,,,,,,
772,1,1,TRUE,,,,,,,
773,-1,-1,TRUE,,,,,,,
774,1,1,TRUE,,,,,,,
775,0,0,TRUE,,,,,,,
776,0,0,TRUE,,,,,,,
777,0,0,TRUE,,,,,,,
778,-1,0,FALSE,,,,,,,
779,1,0,FALSE,,,,,,,
780,0,1,FALSE,,,,,,,
781,0,0,TRUE,,,,,,,
782,-1,0,FALSE,,,,,,,
783,0,1,FALSE,,,,,,,
784,0,1,FALSE,,,,,,,
785,1,1,TRUE,,,,,,,
786,0,0,TRUE,,,,,,,
787,-1,0,FALSE,,,,,,,
788,0,1,FALSE,,,,,,,
789,-1,1,FALSE,,,,,,,
790,0,1,FALSE,,,,,,,
791,0,0,TRUE,,,,,,,
792,-1,1,FALSE,,,,,,,
793,0,1,FALSE,,,,,,,
794,0,0,TRUE,,,,,,,
795,0,0,TRUE,,,,,,,
796,0,1,FALSE,,,,,,,
797,1,1,TRUE,,,,,,,
798,1,0,FALSE,,,,,,,
799,0,0,TRUE,,,,,,,
800,1,0,FALSE,,,,,,,
801,1,1,TRUE,,,,,,,
802,0,0,TRUE,,,,,,,
803,0,0,TRUE,,,,,,,
804,0,0,TRUE,,,,,,,
805,-1,-1,TRUE,,,,,,,
806,0,0,TRUE,,,,,,,
807,1,1,TRUE,,,,,,,
808,1,0,FALSE,,,,,,,
809,1,1,TRUE,,,,,,,
810,1,0,FALSE,,,,,,,
811,-1,0,FALSE,,,,,,,
812,0,0,TRUE,,,,,,,
813,0,0,TRUE,,,,,,,
814,1,0,FALSE,,,,,,,
815,0,-1,FALSE,,,,,,,
816,0,0,TRUE,,,,,,,
817,1,1,TRUE,,,,,,,
818,1,0,FALSE,,,,,,,
819,-1,0,FALSE,,,,,,,
820,1,0,FALSE,,,,,,,
821,1,1,TRUE,,,,,,,
822,0,1,FALSE,,,,,,,
823,0,1,FALSE,,,,,,,
824,1,0,FALSE,,,,,,,
825,1,0,FALSE,,,,,,,
826,1,1,TRUE,,,,,,,
827,0,0,TRUE,,,,,,,
828,-1,0,FALSE,,,,,,,
829,-1,0,FALSE,,,,,,,
830,0,0,TRUE,,,,,,,
831,1,0,FALSE,,,,,,,
832,-1,-1,TRUE,,,,,,,
833,0,1,FALSE,,,,,,,
834,1,1,TRUE,,,,,,,
835,1,0,FALSE,,,,,,,
836,1,0,FALSE,,,,,,,
837,1,0,FALSE,,,,,,,
838,-1,0,FALSE,,,,,,,
839,1,0,FALSE,,,,,,,
840,-1,0,FALSE,,,,,,,
841,1,1,TRUE,,,,,,,
842,0,0,TRUE,,,,,,,
843,1,1,TRUE,,,,,,,
844,0,0,TRUE,,,,,,,
845,-1,0,FALSE,,,,,,,
846,0,0,TRUE,,,,,,,
847,1,0,FALSE,,,,,,,
848,1,0,FALSE,,,,,,,
849,1,0,FALSE,,,,,,,
850,0,1,FALSE,,,,,,,
851,0,0,TRUE,,,,,,,
852,1,0,FALSE,,,,,,,
853,-1,0,FALSE,,,,,,,
854,1,1,TRUE,,,,,,,
855,0,1,FALSE,,,,,,,
856,0,0,TRUE,,,,,,,
857,0,1,FALSE,,,,,,,
858,1,-1,FALSE,,,,,,,
859,0,1,FALSE,,,,,,,
860,-1,0,FALSE,,,,,,,
861,1,-1,FALSE,,,,,,,
862,1,0,FALSE,,,,,,,
863,1,0,FALSE,,,,,,,
864,0,1,FALSE,,,,,,,
865,1,0,FALSE,,,,,,,
866,0,1,FALSE,,,,,,,
867,0,0,TRUE,,,,,,,
868,0,0,TRUE,,,,,,,
869,1,0,FALSE,,,,,,,
870,1,1,TRUE,,,,,,,
871,-1,0,FALSE,,,,,,,
872,0,0,TRUE,,,,,,,
873,0,1,FALSE,,,,,,,
874,1,0,FALSE,,,,,,,
875,0,1,FALSE,,,,,,,
876,0,0,TRUE,,,,,,,
877,1,1,TRUE,,,,,,,
878,1,0,FALSE,,,,,,,
879,0,0,TRUE,,,,,,,
880,0,0,TRUE,,,,,,,
881,1,1,TRUE,,,,,,,
882,1,0,FALSE,,,,,,,
883,-1,1,FALSE,,,,,,,
884,1,0,FALSE,,,,,,,
885,1,1,TRUE,,,,,,,
886,-1,0,FALSE,,,,,,,
887,1,0,FALSE,,,,,,,
888,-1,1,FALSE,,,,,,,
889,0,0,TRUE,,,,,,,
890,0,0,TRUE,,,,,,,
891,-1,0,FALSE,,,,,,,
892,0,0,TRUE,,,,,,,
893,1,0,FALSE,,,,,,,
894,0,1,FALSE,,,,,,,
895,1,0,FALSE,,,,,,,
896,0,0,TRUE,,,,,,,
897,-1,0,FALSE,,,,,,,
898,0,0,TRUE,,,,,,,
899,1,1,TRUE,,,,,,,
900,0,1,FALSE,,,,,,,
901,0,0,TRUE,,,,,,,
902,0,0,TRUE,,,,,,,
903,1,0,FALSE,,,,,,,
904,1,1,TRUE,,,,,,,
905,0,0,TRUE,,,,,,,
906,1,0,FALSE,,,,,,,
907,1,1,TRUE,,,,,,,
908,-1,1,FALSE,,,,,,,
909,0,0,TRUE,,,,,,,
910,0,0,TRUE,,,,,,,
911,0,0,TRUE,,,,,,,
912,1,0,FALSE,,,,,,,
913,1,1,TRUE,,,,,,,
914,0,1,FALSE,,,,,,,
915,1,1,TRUE,,,,,,,
916,1,1,TRUE,,,,,,,
917,1,0,FALSE,,,,,,,
918,1,0,FALSE,,,,,,,
919,0,0,TRUE,,,,,,,
920,0,1,FALSE,,,,,,,
921,1,1,TRUE,,,,,,,
922,0,0,TRUE,,,,,,,
923,1,0,FALSE,,,,,,,
924,-1,0,FALSE,,,,,,,
925,1,0,FALSE,,,,,,,
926,0,0,TRUE,,,,,,,
927,0,0,TRUE,,,,,,,
928,0,0,TRUE,,,,,,,
929,1,0,FALSE,,,,,,,
930,1,1,TRUE,,,,,,,
931,0,1,FALSE,,,,,,,
932,0,1,FALSE,,,,,,,
933,1,1,TRUE,,,,,,,
934,1,0,FALSE,,,,,,,
935,-1,1,FALSE,,,,,,,
936,0,-1,FALSE,,,,,,,
937,-1,0,FALSE,,,,,,,
938,0,0,TRUE,,,,,,,
939,0,0,TRUE,,,,,,,
940,1,0,FALSE,,,,,,,
941,0,1,FALSE,,,,,,,
942,0,0,TRUE,,,,,,,
943,0,1,FALSE,,,,,,,
944,0,1,FALSE,,,,,,,
945,0,0,TRUE,,,,,,,
946,0,1,FALSE,,,,,,,
947,1,1,TRUE,,,,,,,
948,1,0,FALSE,,,,,,,
949,1,0,FALSE,,,,,,,
950,1,0,FALSE,,,,,,,
951,0,1,FALSE,,,,,,,
952,1,0,FALSE,,,,,,,
953,1,0,FALSE,,,,,,,
954,1,1,TRUE,,,,,,,
955,0,0,TRUE,,,,,,,
956,0,0,TRUE,,,,,,,
957,1,0,FALSE,,,,,,,
958,1,1,TRUE,,,,,,,
959,0,0,TRUE,,,,,,,
960,0,1,FALSE,,,,,,,
961,0,-1,FALSE,,,,,,,
962,1,0,FALSE,,,,,,,
963,-1,0,FALSE,,,,,,,
964,0,1,FALSE,,,,,,,
965,0,0,TRUE,,,,,,,
966,1,0,FALSE,,,,,,,
967,0,1,FALSE,,,,,,,
968,0,1,FALSE,,,,,,,
969,0,0,TRUE,,,,,,,
970,1,0,FALSE,,,,,,,
971,1,1,TRUE,,,,,,,
972,0,1,FALSE,,,,,,,
973,1,0,FALSE,,,,,,,
974,1,0,FALSE,,,,,,,
975,1,0,FALSE,,,,,,,
976,1,1,TRUE,,,,,,,
977,0,1,FALSE,,,,,,,
978,1,1,TRUE,,,,,,,
979,0,0,TRUE,,,,,,,
980,-1,1,FALSE,,,,,,,
981,-1,1,FALSE,,,,,,,
982,0,1,FALSE,,,,,,,
983,0,0,TRUE,,,,,,,
984,1,1,TRUE,,,,,,,
985,0,0,TRUE,,,,,,,
986,0,0,TRUE,,,,,,,
987,1,0,FALSE,,,,,,,
988,1,0,FALSE,,,,,,,
989,-1,0,FALSE,,,,,,,
990,1,1,TRUE,,,,,,,
991,0,1,FALSE,,,,,,,
992,1,0,FALSE,,,,,,,
993,0,1,FALSE,,,,,,,
994,-1,0,FALSE,,,,,,,
995,0,0,TRUE,,,,,,,
996,0,0,TRUE,,,,,,,
997,1,1,TRUE,,,,,,,
998,0,1,FALSE,,,,,,,
999,0,0,TRUE,,,,,,,
1000,1,0,FALSE,,,,,,,
1001,1,0,FALSE,,,,,,,
1002,0,0,TRUE,,,,,,,
1003,0,1,FALSE,,,,,,,
1004,-1,0,FALSE,,,,,,,
1005,1,0,FALSE,,,,,,,
1006,1,0,FALSE,,,,,,,
1007,0,0,TRUE,,,,,,,
1008,-1,1,FALSE,,,,,,,
1009,-1,1,FALSE,,,,,,,
1010,-1,0,FALSE,,,,,,,
1011,-1,1,FALSE,,,,,,,
1012,0,0,TRUE,,,,,,,
1013,1,0,FALSE,,,,,,,
1014,1,0,FALSE,,,,,,,
1015,-1,0,FALSE,,,,,,,
1016,1,1,TRUE,,,,,,,
1017,-1,0,FALSE,,,,,,,
1018,0,1,FALSE,,,,,,,
1019,1,1,TRUE,,,,,,,
1020,1,0,FALSE,,,,,,,
1021,-1,1,FALSE,,,,,,,
1022,0,1,FALSE,,,,,,,
1023,1,0,FALSE,,,,,,,
1024,1,0,FALSE,,,,,,,
1025,1,1,TRUE,,,,,,,
1026,1,0,FALSE,,,,,,,
1027,1,0,FALSE,,,,,,,
1028,0,0,TRUE,,,,,,,
1029,1,0,FALSE,,,,,,,
1030,0,1,FALSE,,,,,,,
1031,1,1,TRUE,,,,,,,
1032,1,0,FALSE,,,,,,,
1033,-1,1,FALSE,,,,,,,
1034,1,0,FALSE,,,,,,,
1035,0,0,TRUE,,,,,,,
1036,0,0,TRUE,,,,,,,
1037,0,0,TRUE,,,,,,,
1038,1,0,FALSE,,,,,,,
1039,-1,1,FALSE,,,,,,,
1040,1,1,TRUE,,,,,,,
1041,1,0,FALSE,,,,,,,
1042,1,0,FALSE,,,,,,,
1043,1,0,FALSE,,,,,,,
1044,0,1,FALSE,,,,,,,
1045,1,1,TRUE,,,,,,,
1046,0,1,FALSE,,,,,,,
1047,1,0,FALSE,,,,,,,
1048,1,0,FALSE,,,,,,,
1049,1,0,FALSE,,,,,,,
1050,1,1,TRUE,,,,,,,
1051,1,0,FALSE,,,,,,,
1052,1,1,TRUE,,,,,,,
1053,0,1,FALSE,,,,,,,
1054,1,1,TRUE,,,,,,,
1055,0,0,TRUE,,,,,,,
1056,1,1,TRUE,,,,,,,
1057,1,0,FALSE,,,,,,,
1058,1,1,TRUE,,,,,,,
1059,0,-1,FALSE,,,,,,,
1060,0,0,TRUE,,,,,,,
1061,1,1,TRUE,,,,,,,
1062,0,1,FALSE,,,,,,,
1063,1,1,TRUE,,,,,,,
1064,1,0,FALSE,,,,,,,
1065,0,0,TRUE,,,,,,,
1066,1,0,FALSE,,,,,,,
1067,0,1,FALSE,,,,,,,
1068,0,0,TRUE,,,,,,,
1069,1,0,FALSE,,,,,,,
1070,1,0,FALSE,,,,,,,
1071,1,0,FALSE,,,,,,,
1072,0,0,TRUE,,,,,,,
1073,0,1,FALSE,,,,,,,
1074,-1,0,FALSE,,,,,,,
1075,0,1,FALSE,,,,,,,
1076,0,1,FALSE,,,,,,,
1077,-1,0,FALSE,,,,,,,
1078,0,0,TRUE,,,,,,,
1079,0,0,TRUE,,,,,,,
1080,0,0,TRUE,,,,,,,
1081,1,1,TRUE,,,,,,,
1082,-1,0,FALSE,,,,,,,
1083,-1,0,FALSE,,,,,,,
1084,-1,-1,TRUE,,,,,,,
1085,0,0,TRUE,,,,,,,
1086,1,0,FALSE,,,,,,,
1087,0,1,FALSE,,,,,,,
1088,1,-1,FALSE,,,,,,,
1089,0,0,TRUE,,,,,,,
1090,1,0,FALSE,,,,,,,
1091,0,0,TRUE,,,,,,,
1092,1,0,FALSE,,,,,,,
1093,1,-1,FALSE,,,,,,,
1094,0,0,TRUE,,,,,,,
1095,1,0,FALSE,,,,,,,
1096,0,1,FALSE,,,,,,,
1097,0,0,TRUE,,,,,,,
1098,1,0,FALSE,,,,,,,
1099,1,1,TRUE,,,,,,,
1100,1,1,TRUE,,,,,,,
1101,0,1,FALSE,,,,,,,
1102,1,0,FALSE,,,,,,,
1103,1,0,FALSE,,,,,,,
1104,1,1,TRUE,,,,,,,
1105,0,0,TRUE,,,,,,,
1106,0,0,TRUE,,,,,,,
1107,0,0,TRUE,,,,,,,
1108,-1,1,FALSE,,,,,,,
1109,1,0,FALSE,,,,,,,
1110,1,0,FALSE,,,,,,,
1111,1,0,FALSE,,,,,,,
1112,1,0,FALSE,,,,,,,
1113,1,1,TRUE,,,,,,,
1114,0,0,TRUE,,,,,,,
1115,0,0,TRUE,,,,,,,
1116,0,0,TRUE,,,,,,,
1117,0,0,TRUE,,,,,,,
1118,0,0,TRUE,,,,,,,
1119,0,0,TRUE,,,,,,,
1120,1,1,TRUE,,,,,,,
1121,0,1,FALSE,,,,,,,
1122,1,1,TRUE,,,,,,,
1123,1,1,TRUE,,,,,,,
1124,0,0,TRUE,,,,,,,
1125,0,0,TRUE,,,,,,,
1126,1,0,FALSE,,,,,,,
1127,1,0,FALSE,,,,,,,
1128,0,0,TRUE,,,,,,,
1129,1,0,FALSE,,,,,,,
1130,1,0,FALSE,,,,,,,
1131,1,0,FALSE,,,,,,,
1132,0,1,FALSE,,,,,,,
1133,-1,1,FALSE,,,,,,,
1134,1,1,TRUE,,,,,,,
1135,1,0,FALSE,,,,,,,
1136,1,1,TRUE,,,,,,,
1137,1,0,FALSE,,,,,,,
1138,1,0,FALSE,,,,,,,
1139,0,1,FALSE,,,,,,,
1140,1,0,FALSE,,,,,,,
1141,1,1,TRUE,,,,,,,
1142,0,0,TRUE,,,,,,,
1143,0,-1,FALSE,,,,,,,
1144,-1,0,FALSE,,,,,,,
1145,0,1,FALSE,,,,,,,
1146,0,0,TRUE,,,,,,,
1147,1,1,TRUE,,,,,,,
1148,0,0,TRUE,,,,,,,
1149,0,0,TRUE,,,,,,,
1150,1,0,FALSE,,,,,,,
1151,-1,1,FALSE,,,,,,,
1152,0,1,FALSE,,,,,,,
1153,1,1,TRUE,,,,,,,
1154,0,0,TRUE,,,,,,,
1155,1,1,TRUE,,,,,,,
1156,0,1,FALSE,,,,,,,
1157,1,1,TRUE,,,,,,,
1158,1,0,FALSE,,,,,,,
1159,0,1,FALSE,,,,,,,
1160,0,0,TRUE,,,,,,,
1161,-1,1,FALSE,,,,,,,
1162,-1,0,FALSE,,,,,,,
1163,0,1,FALSE,,,,,,,
1164,1,0,FALSE,,,,,,,
1165,0,0,TRUE,,,,,,,
1166,0,0,TRUE,,,,,,,
1167,-1,1,FALSE,,,,,,,
1168,-1,0,FALSE,,,,,,,
1169,0,0,TRUE,,,,,,,
1170,0,0,TRUE,,,,,,,
1171,-1,0,FALSE,,,,,,,
1172,0,0,TRUE,,,,,,,
1173,0,0,TRUE,,,,,,,
1174,-1,0,FALSE,,,,,,,
1175,-1,-1,TRUE,,,,,,,
1176,0,1,FALSE,,,,,,,
1177,1,0,FALSE,,,,,,,
1178,0,1,FALSE,,,,,,,
1179,1,0,FALSE,,,,,,,
1180,1,1,TRUE,,,,,,,
1181,0,0,TRUE,,,,,,,
1182,-1,0,FALSE,,,,,,,
1183,1,1,TRUE,,,,,,,
1184,1,1,TRUE,,,,,,,
1185,0,1,FALSE,,,,,,,
1186,1,0,FALSE,,,,,,,
1187,0,1,FALSE,,,,,,,
1188,0,1,FALSE,,,,,,,
1189,0,1,FALSE,,,,,,,
1190,0,1,FALSE,,,,,,,
1191,0,1,FALSE,,,,,,,
1192,0,1,FALSE,,,,,,,
1193,-1,0,FALSE,,,,,,,
1194,1,1,TRUE,,,,,,,
1195,0,1,FALSE,,,,,,,
1196,0,0,TRUE,,,,,,,
1197,0,0,TRUE,,,,,,,
1198,0,0,TRUE,,,,,,,
1199,0,0,TRUE,,,,,,,
1200,-1,1,FALSE,,,,,,,
1201,0,1,FALSE,,,,,,,
1202,0,1,FALSE,,,,,,,
1203,1,0,FALSE,,,,,,,
1204,0,1,FALSE,,,,,,,
1205,-1,0,FALSE,,,,,,,
1206,0,1,FALSE,,,,,,,
1207,-1,1,FALSE,,,,,,,
1208,0,0,TRUE,,,,,,,
1209,0,1,FALSE,,,,,,,
1210,0,0,TRUE,,,,,,,
1211,0,0,TRUE,,,,,,,
1212,1,0,FALSE,,,,,,,
1213,1,1,TRUE,,,,,,,
1214,0,0,TRUE,,,,,,,
1215,1,0,FALSE,,,,,,,
1216,1,0,FALSE,,,,,,,
1217,0,1,FALSE,,,,,,,
1218,-1,0,FALSE,,,,,,,
1219,0,0,TRUE,,,,,,,
1220,1,0,FALSE,,,,,,,
1221,0,0,TRUE,,,,,,,
1222,0,0,TRUE,,,,,,,
1223,0,1,FALSE,,,,,,,
1224,0,1,FALSE,,,,,,,
1225,0,0,TRUE,,,,,,,
1226,0,0,TRUE,,,,,,,
1227,1,1,TRUE,,,,,,,
1228,0,1,FALSE,,,,,,,
1229,0,1,FALSE,,,,,,,
1230,0,0,TRUE,,,,,,,
1231,1,1,TRUE,,,,,,,
1232,0,0,TRUE,,,,,,,
1233,1,0,FALSE,,,,,,,
1234,0,0,TRUE,,,,,,,
1235,0,1,FALSE,,,,,,,
1236,1,0,FALSE,,,,,,,
1237,0,0,TRUE,,,,,,,
1238,0,0,TRUE,,,,,,,
1239,0,0,TRUE,,,,,,,
1240,1,0,FALSE,,,,,,,
1241,1,0,FALSE,,,,,,,
1242,1,0,FALSE,,,,,,,
1243,1,0,FALSE,,,,,,,
1244,0,1,FALSE,,,,,,,
1245,0,1,FALSE,,,,,,,
1246,0,0,TRUE,,,,,,,
1247,0,1,FALSE,,,,,,,
1248,0,1,FALSE,,,,,,,
1249,1,0,FALSE,,,,,,,
1250,0,0,TRUE,,,,,,,
1251,0,0,TRUE,,,,,,,
1252,0,0,TRUE,,,,,,,
1253,1,0,FALSE,,,,,,,
1254,1,1,TRUE,,,,,,,
1255,1,0,FALSE,,,,,,,
1256,0,1,FALSE,,,,,,,
1257,1,0,FALSE,,,,,,,
1258,-1,1,FALSE,,,,,,,
1259,0,1,FALSE,,,,,,,
1260,-1,1,FALSE,,,,,,,
1261,1,0,FALSE,,,,,,,
1262,0,0,TRUE,,,,,,,
1263,0,1,FALSE,,,,,,,
1264,1,1,TRUE,,,,,,,
1265,0,-1,FALSE,,,,,,,
1266,0,0,TRUE,,,,,,,
1267,1,1,TRUE,,,,,,,
1268,1,1,TRUE,,,,,,,
1269,1,0,FALSE,,,,,,,
1270,-1,1,FALSE,,,,,,,
1271,0,1,FALSE,,,,,,,
1272,0,1,FALSE,,,,,,,
1273,1,0,FALSE,,,,,,,
1274,0,0,TRUE,,,,,,,
1275,0,0,TRUE,,,,,,,
1276,0,0,TRUE,,,,,,,
1277,1,0,FALSE,,,,,,,
1278,-1,0,FALSE,,,,,,,
1279,1,0,FALSE,,,,,,,
1280,0,0,TRUE,,,,,,,
1281,1,0,FALSE,,,,,,,
1282,1,1,TRUE,,,,,,,
1283,0,0,TRUE,,,,,,,
1284,1,0,FALSE,,,,,,,
1285,-1,1,FALSE,,,,,,,
1286,0,1,FALSE,,,,,,,
1287,1,1,TRUE,,,,,,,
1288,0,0,TRUE,,,,,,,
1289,0,1,FALSE,,,,,,,
1290,0,1,FALSE,,,,,,,
1291,1,0,FALSE,,,,,,,
1292,0,1,FALSE,,,,,,,
1293,1,0,FALSE,,,,,,,
1294,0,0,TRUE,,,,,,,
1295,0,0,TRUE,,,,,,,
1296,0,-1,FALSE,,,,,,,
1297,1,0,FALSE,,,,,,,
1298,0,0,TRUE,,,,,,,
1299,1,1,TRUE,,,,,,,
1300,1,0,FALSE,,,,,,,
1301,0,1,FALSE,,,,,,,
1302,0,0,TRUE,,,,,,,
1303,0,0,TRUE,,,,,,,
1304,-1,1,FALSE,,,,,,,
1305,0,0,TRUE,,,,,,,
1306,1,1,TRUE,,,,,,,
1307,0,0,TRUE,,,,,,,
1308,0,1,FALSE,,,,,,,
1309,-1,0,FALSE,,,,,,,
1310,0,0,TRUE,,,,,,,
1311,-1,0,FALSE,,,,,,,
1312,0,0,TRUE,,,,,,,
1313,0,0,TRUE,,,,,,,
1314,0,0,TRUE,,,,,,,
1315,0,0,TRUE,,,,,,,
1316,1,0,FALSE,,,,,,,
1317,0,1,FALSE,,,,,,,
1318,1,0,FALSE,,,,,,,
1319,0,1,FALSE,,,,,,,
1320,1,0,FALSE,,,,,,,
1321,1,0,FALSE,,,,,,,
1322,0,1,FALSE,,,,,,,
1323,0,0,TRUE,,,,,,,
1324,1,0,FALSE,,,,,,,
1325,1,1,TRUE,,,,,,,
1326,0,1,FALSE,,,,,,,
1327,1,0,FALSE,,,,,,,
1328,0,0,TRUE,,,,,,,
1329,1,1,TRUE,,,,,,,
1330,0,0,TRUE,,,,,,,
1331,1,1,TRUE,,,,,,,
1332,0,0,TRUE,,,,,,,
1333,0,0,TRUE,,,,,,,
1334,1,1,TRUE,,,,,,,
1335,-1,1,FALSE,,,,,,,
1336,0,1,FALSE,,,,,,,
1337,0,0,TRUE,,,,,,,
1338,0,1,FALSE,,,,,,,
1339,1,1,TRUE,,,,,,,
1340,0,0,TRUE,,,,,,,
1341,1,1,TRUE,,,,,,,
1342,0,1,FALSE,,,,,,,
1343,1,1,TRUE,,,,,,,
1344,1,0,FALSE,,,,,,,
1345,1,0,FALSE,,,,,,,
1346,1,0,FALSE,,,,,,,
1347,0,0,TRUE,,,,,,,
1348,1,0,FALSE,,,,,,,
1349,0,1,FALSE,,,,,,,
1350,1,0,FALSE,,,,,,,
1351,1,0,FALSE,,,,,,,
1352,0,1,FALSE,,,,,,,
1353,0,0,TRUE,,,,,,,
1354,0,1,FALSE,,,,,,,
1355,1,0,FALSE,,,,,,,
1356,0,0,TRUE,,,,,,,
1357,-1,0,FALSE,,,,,,,
1358,1,1,TRUE,,,,,,,
1359,-1,0,FALSE,,,,,,,
1360,0,0,TRUE,,,,,,,
1361,0,0,TRUE,,,,,,,
1362,0,0,TRUE,,,,,,,
1363,1,0,FALSE,,,,,,,
1364,1,1,TRUE,,,,,,,
1365,0,1,FALSE,,,,,,,
1366,-1,0,FALSE,,,,,,,
1367,0,0,TRUE,,,,,,,
1368,0,1,FALSE,,,,,,,
1369,0,1,FALSE,,,,,,,
1370,0,0,TRUE,,,,,,,
1371,0,0,TRUE,,,,,,,
1372,0,0,TRUE,,,,,,,
1373,0,0,TRUE,,,,,,,
1374,-1,0,FALSE,,,,,,,
1375,0,0,TRUE,,,,,,,
1376,0,1,FALSE,,,,,,,
1377,-1,1,FALSE,,,,,,,
1378,1,1,TRUE,,,,,,,
1379,0,0,TRUE,,,,,,,
1380,1,0,FALSE,,,,,,,
1381,-1,0,FALSE,,,,,,,
1382,0,1,FALSE,,,,,,,
1383,0,1,FALSE,,,,,,,
1384,1,0,FALSE,,,,,,,
1385,-1,-1,TRUE,,,,,,,
1386,0,1,FALSE,,,,,,,
1387,1,1,TRUE,,,,,,,
1388,0,0,TRUE,,,,,,,
1389,0,1,FALSE,,,,,,,
1390,0,1,FALSE,,,,,,,
1391,0,0,TRUE,,,,,,,
1392,1,0,FALSE,,,,,,,
1393,0,0,TRUE,,,,,,,
1394,1,1,TRUE,,,,,,,
1395,0,1,FALSE,,,,,,,
1396,1,1,TRUE,,,,,,,
1397,1,1,TRUE,,,,,,,
1398,1,1,TRUE,,,,,,,
1399,0,-1,FALSE,,,,,,,
1400,1,0,FALSE,,,,,,,
1401,0,1,FALSE,,,,,,,
1402,1,0,FALSE,,,,,,,
1403,1,0,FALSE,,,,,,,
1404,0,1,FALSE,,,,,,,
1405,-1,0,FALSE,,,,,,,
1406,0,0,TRUE,,,,,,,
1407,-1,1,FALSE,,,,,,,
1408,0,1,FALSE,,,,,,,
1409,0,0,TRUE,,,,,,,
1410,0,1,FALSE,,,,,,,
1411,-1,0,FALSE,,,,,,,
1412,1,1,TRUE,,,,,,,
1413,-1,1,FALSE,,,,,,,
1414,1,0,FALSE,,,,,,,
1415,0,0,TRUE,,,,,,,
1416,1,0,FALSE,,,,,,,
1417,1,0,FALSE,,,,,,,
1418,1,0,FALSE,,,,,,,
1419,0,1,FALSE,,,,,,,
1420,1,0,FALSE,,,,,,,
1421,1,1,TRUE,,,,,,,
1422,0,1,FALSE,,,,,,,
1423,0,1,FALSE,,,,,,,
1424,0,0,TRUE,,,,,,,
1425,1,1,TRUE,,,,,,,
1426,1,0,FALSE,,,,,,,
1427,1,0,FALSE,,,,,,,
1428,1,1,TRUE,,,,,,,
1429,0,-1,FALSE,,,,,,,
1430,1,0,FALSE,,,,,,,
1431,0,0,TRUE,,,,,,,
1432,0,-1,FALSE,,,,,,,
1433,-1,0,FALSE,,,,,,,
1434,1,1,TRUE,,,,,,,
1435,-1,1,FALSE,,,,,,,
1436,0,1,FALSE,,,,,,,
1437,1,-1,FALSE,,,,,,,
1438,1,1,TRUE,,,,,,,
1439,0,0,TRUE,,,,,,,
1440,1,0,FALSE,,,,,,,
1441,0,0,TRUE,,,,,,,
1442,0,0,TRUE,,,,,,,
1443,0,1,FALSE,,,,,,,
1444,1,1,TRUE,,,,,,,
1445,1,1,TRUE,,,,,,,
1446,0,0,TRUE,,,,,,,
1447,0,-1,FALSE,,,,,,,
1448,1,0,FALSE,,,,,,,
1449,1,1,TRUE,,,,,,,
1450,0,1,FALSE,,,,,,,
1451,1,1,TRUE,,,,,,,
1452,0,0,TRUE,,,,,,,
1453,0,0,TRUE,,,,,,,
1454,1,0,FALSE,,,,,,,
1455,0,1,FALSE,,,,,,,
1456,0,0,TRUE,,,,,,,
1457,1,0,FALSE,,,,,,,
1458,0,0,TRUE,,,,,,,
1459,0,0,TRUE,,,,,,,
1460,0,1,FALSE,,,,,,,
1461,-1,0,FALSE,,,,,,,
1462,0,1,FALSE,,,,,,,
1463,0,1,FALSE,,,,,,,
1464,0,0,TRUE,,,,,,,
1465,0,1,FALSE,,,,,,,
1466,1,1,TRUE,,,,,,,
1467,1,-1,FALSE,,,,,,,
1468,0,0,TRUE,,,,,,,
1469,0,0,TRUE,,,,,,,
1470,0,1,FALSE,,,,,,,
1471,1,1,TRUE,,,,,,,
1472,1,1,TRUE,,,,,,,
1473,0,0,TRUE,,,,,,,
1474,0,1,FALSE,,,,,,,
1475,-1,0,FALSE,,,,,,,
1476,1,0,FALSE,,,,,,,
1477,0,0,TRUE,,,,,,,
1478,0,0,TRUE,,,,,,,
1479,0,1,FALSE,,,,,,,
1480,1,0,FALSE,,,,,,,
1481,1,0,FALSE,,,,,,,
1482,0,0,TRUE,,,,,,,
1483,-1,0,FALSE,,,,,,,
1484,0,1,FALSE,,,,,,,
1485,1,0,FALSE,,,,,,,
1486,-1,1,FALSE,,,,,,,
1487,1,1,TRUE,,,,,,,
1488,1,0,FALSE,,,,,,,
1489,0,0,TRUE,,,,,,,
1490,0,1,FALSE,,,,,,,
1491,1,1,TRUE,,,,,,,
1492,1,0,FALSE,,,,,,,
1493,0,0,TRUE,,,,,,,
1494,1,0,FALSE,,,,,,,
1495,0,0,TRUE,,,,,,,
1496,0,0,TRUE,,,,,,,
1497,0,0,TRUE,,,,,,,
1498,1,1,TRUE,,,,,,,
1499,0,0,TRUE,,,,,,,
1500,0,0,TRUE,,,,,,,
1501,0,-1,FALSE,,,,,,,
1502,0,1,FALSE,,,,,,,
1503,1,1,TRUE,,,,,,,
1504,-1,0,FALSE,,,,,,,
1505,0,0,TRUE,,,,,,,
1506,1,1,TRUE,,,,,,,
1507,0,1,FALSE,,,,,,,
1508,0,1,FALSE,,,,,,,
1509,0,1,FALSE,,,,,,,
1510,1,1,TRUE,,,,,,,
1511,1,1,TRUE,,,,,,,
1512,0,0,TRUE,,,,,,,
1513,0,1,FALSE,,,,,,,
1514,1,0,FALSE,,,,,,,
1515,1,0,FALSE,,,,,,,
1516,1,1,TRUE,,,,,,,
1517,0,0,TRUE,,,,,,,
1518,0,0,TRUE,,,,,,,
1519,1,0,FALSE,,,,,,,
1520,0,1,FALSE,,,,,,,
1521,1,0,FALSE,,,,,,,
1522,0,0,TRUE,,,,,,,
1523,1,1,TRUE,,,,,,,
1524,1,0,FALSE,,,,,,,
1525,0,1,FALSE,,,,,,,
1526,0,1,FALSE,,,,,,,
1527,0,1,FALSE,,,,,,,
1528,1,0,FALSE,,,,,,,
1529,1,1,TRUE,,,,,,,
1530,0,1,FALSE,,,,,,,
1531,1,0,FALSE,,,,,,,
1532,1,0,FALSE,,,,,,,
1533,0,0,TRUE,,,,,,,
1534,0,0,TRUE,,,,,,,
1535,0,0,TRUE,,,,,,,
1536,1,1,TRUE,,,,,,,
1537,1,0,FALSE,,,,,,,
1538,0,1,FALSE,,,,,,,
1539,0,0,TRUE,,,,,,,
1540,1,0,FALSE,,,,,,,
1541,0,0,TRUE,,,,,,,
1542,-1,0,FALSE,,,,,,,
1543,0,0,TRUE,,,,,,,
1544,-1,0,FALSE,,,,,,,
1545,1,0,FALSE,,,,,,,
1546,0,0,TRUE,,,,,,,
1547,0,0,TRUE,,,,,,,
1548,0,0,TRUE,,,,,,,
1549,0,0,TRUE,,,,,,,
1550,1,0,FALSE,,,,,,,
1551,1,0,FALSE,,,,,,,
1552,1,0,FALSE,,,,,,,
1553,0,0,TRUE,,,,,,,
1554,0,0,TRUE,,,,,,,
1555,1,1,TRUE,,,,,,,
1556,1,1,TRUE,,,,,,,
1557,0,0,TRUE,,,,,,,
1558,1,0,FALSE,,,,,,,
1559,0,0,TRUE,,,,,,,
1560,1,0,FALSE,,,,,,,
1561,0,0,TRUE,,,,,,,
1562,-1,1,FALSE,,,,,,,
1563,0,0,TRUE,,,,,,,
1564,1,0,FALSE,,,,,,,
1565,1,1,TRUE,,,,,,,
1566,1,0,FALSE,,,,,,,
1567,-1,0,FALSE,,,,,,,
1568,1,0,FALSE,,,,,,,
1569,0,0,TRUE,,,,,,,
1570,0,0,TRUE,,,,,,,
1571,1,0,FALSE,,,,,,,
1572,0,0,TRUE,,,,,,,
1573,0,1,FALSE,,,,,,,
1574,0,0,TRUE,,,,,,,
1575,0,0,TRUE,,,,,,,
1576,-1,0,FALSE,,,,,,,
1577,1,-1,FALSE,,,,,,,
1578,0,0,TRUE,,,,,,,
1579,-1,0,FALSE,,,,,,,
1580,0,1,FALSE,,,,,,,
1581,1,0,FALSE,,,,,,,
1582,0,1,FALSE,,,,,,,
1583,1,0,FALSE,,,,,,,
1584,1,1,TRUE,,,,,,,
1585,-1,-1,TRUE,,,,,,,
1586,0,0,TRUE,,,,,,,
1587,1,-1,FALSE,,,,,,,
1588,0,0,TRUE,,,,,,,
1589,1,0,FALSE,,,,,,,
1590,1,0,FALSE,,,,,,,
1591,0,0,TRUE,,,,,,,
1592,1,1,TRUE,,,,,,,
1593,1,0,FALSE,,,,,,,
1594,0,1,FALSE,,,,,,,
1595,1,1,TRUE,,,,,,,
1596,-1,1,FALSE,,,,,,,
1597,0,1,FALSE,,,,,,,
1598,0,-1,FALSE,,,,,,,
1599,-1,1,FALSE,,,,,,,
1600,0,0,TRUE,,,,,,,
1601,0,0,TRUE,,,,,,,
1602,1,-1,FALSE,,,,,,,
1603,0,0,TRUE,,,,,,,
1604,0,0,TRUE,,,,,,,
1605,-1,0,FALSE,,,,,,,
1606,0,1,FALSE,,,,,,,
1607,1,1,TRUE,,,,,,,
1608,0,0,TRUE,,,,,,,
1609,0,0,TRUE,,,,,,,
1610,1,1,TRUE,,,,,,,
1611,0,0,TRUE,,,,,,,
1612,0,0,TRUE,,,,,,,
1613,0,0,TRUE,,,,,,,
1614,0,1,FALSE,,,,,,,
1615,1,1,TRUE,,,,,,,
1616,1,1,TRUE,,,,,,,
1617,0,0,TRUE,,,,,,,
1618,1,0,FALSE,,,,,,,
1619,0,1,FALSE,,,,,,,
1620,1,1,TRUE,,,,,,,
1621,0,0,TRUE,,,,,,,
1622,0,0,TRUE,,,,,,,
1623,0,1,FALSE,,,,,,,
1624,0,1,FALSE,,,,,,,
1625,0,1,FALSE,,,,,,,
1626,1,-1,FALSE,,,,,,,
1627,0,1,FALSE,,,,,,,
1628,1,0,FALSE,,,,,,,
1629,1,0,FALSE,,,,,,,
1630,1,0,FALSE,,,,,,,
1631,0,0,TRUE,,,,,,,
1632,-1,1,FALSE,,,,,,,
1633,0,1,FALSE,,,,,,,
1634,1,1,TRUE,,,,,,,
1635,0,0,TRUE,,,,,,,
1636,1,0,FALSE,,,,,,,
1637,0,1,FALSE,,,,,,,
1638,1,0,FALSE,,,,,,,
1639,0,1,FALSE,,,,,,,
1640,-1,0,FALSE,,,,,,,
1641,-1,1,FALSE,,,,,,,
1642,0,0,TRUE,,,,,,,
1643,-1,1,FALSE,,,,,,,
1644,0,1,FALSE,,,,,,,
1645,1,0,FALSE,,,,,,,
1646,1,0,FALSE,,,,,,,
1647,1,1,TRUE,,,,,,,
1648,-1,0,FALSE,,,,,,,
1649,0,1,FALSE,,,,,,,
1650,0,1,FALSE,,,,,,,
1651,0,1,FALSE,,,,,,,
1652,0,1,FALSE,,,,,,,
1653,0,0,TRUE,,,,,,,
1654,1,0,FALSE,,,,,,,
1655,0,0,TRUE,,,,,,,
1656,-1,0,FALSE,,,,,,,
1657,0,0,TRUE,,,,,,,
1658,1,0,FALSE,,,,,,,
1659,1,1,TRUE,,,,,,,
1660,1,0,FALSE,,,,,,,
1661,0,-1,FALSE,,,,,,,
1662,0,0,TRUE,,,,,,,
1663,0,1,FALSE,,,,,,,
1664,-1,1,FALSE,,,,,,,
1665,1,1,TRUE,,,,,,,
1666,1,1,TRUE,,,,,,,
1667,0,0,TRUE,,,,,,,
1668,0,1,FALSE,,,,,,,
1669,1,1,TRUE,,,,,,,
1670,0,0,TRUE,,,,,,,
1671,0,0,TRUE,,,,,,,
1672,0,0,TRUE,,,,,,,
1673,1,1,TRUE,,,,,,,
1674,0,0,TRUE,,,,,,,
1675,1,1,TRUE,,,,,,,
1676,0,0,TRUE,,,,,,,
1677,1,0,FALSE,,,,,,,
1678,0,0,TRUE,,,,,,,
1679,0,1,FALSE,,,,,,,
1680,1,0,FALSE,,,,,,,
1681,1,0,FALSE,,,,,,,
1682,0,1,FALSE,,,,,,,
1683,0,1,FALSE,,,,,,,
1684,0,1,FALSE,,,,,,,
1685,1,0,FALSE,,,,,,,
1686,1,1,TRUE,,,,,,,
1687,0,1,FALSE,,,,,,,
1688,1,0,FALSE,,,,,,,
1689,0,1,FALSE,,,,,,,
1690,0,0,TRUE,,,,,,,
1691,1,0,FALSE,,,,,,,
1692,0,-1,FALSE,,,,,,,
1693,0,1,FALSE,,,,,,,
1694,0,0,TRUE,,,,,,,
1695,0,1,FALSE,,,,,,,
1696,0,0,TRUE,,,,,,,
1697,0,0,TRUE,,,,,,,
1698,1,0,FALSE,,,,,,,
1699,0,0,TRUE,,,,,,,
1700,0,0,TRUE,,,,,,,
1701,0,0,TRUE,,,,,,,
1702,0,0,TRUE,,,,,,,
1703,1,0,FALSE,,,,,,,
1704,0,0,TRUE,,,,,,,
1705,0,1,FALSE,,,,,,,
1706,1,0,FALSE,,,,,,,
1707,0,1,FALSE,,,,,,,
1708,1,0,FALSE,,,,,,,
1709,0,0,TRUE,,,,,,,
1710,1,1,TRUE,,,,,,,
1711,0,0,TRUE,,,,,,,
1712,0,0,TRUE,,,,,,,
1713,1,1,TRUE,,,,,,,
1714,0,0,TRUE,,,,,,,
1715,0,1,FALSE,,,,,,,
1716,0,0,TRUE,,,,,,,
1717,0,1,FALSE,,,,,,,
1718,1,1,TRUE,,,,,,,
1719,0,0,TRUE,,,,,,,
1720,0,-1,FALSE,,,,,,,
1721,0,0,TRUE,,,,,,,
1722,0,0,TRUE,,,,,,,
1723,0,0,TRUE,,,,,,,
1724,0,1,FALSE,,,,,,,
1725,0,0,TRUE,,,,,,,
1726,-1,0,FALSE,,,,,,,
1727,1,1,TRUE,,,,,,,
1728,0,-1,FALSE,,,,,,,
1729,1,1,TRUE,,,,,,,
1730,0,0,TRUE,,,,,,,
1731,1,0,FALSE,,,,,,,
1732,1,1,TRUE,,,,,,,
1733,1,0,FALSE,,,,,,,
1734,0,0,TRUE,,,,,,,
1735,0,0,TRUE,,,,,,,
1736,0,0,TRUE,,,,,,,
1737,0,1,FALSE,,,,,,,
1738,-1,1,FALSE,,,,,,,
1739,-1,0,FALSE,,,,,,,
1740,0,0,TRUE,,,,,,,
1741,1,1,TRUE,,,,,,,
1742,1,1,TRUE,,,,,,,
1743,0,-1,FALSE,,,,,,,
1744,0,0,TRUE,,,,,,,
1745,0,1,FALSE,,,,,,,
1746,1,0,FALSE,,,,,,,
1747,0,0,TRUE,,,,,,,
1748,1,0,FALSE,,,,,,,
1749,-1,0,FALSE,,,,,,,
1750,0,0,TRUE,,,,,,,
1751,0,0,TRUE,,,,,,,
1752,0,0,TRUE,,,,,,,
1753,0,1,FALSE,,,,,,,
1754,0,0,TRUE,,,,,,,
1755,1,0,FALSE,,,,,,,
1756,1,0,FALSE,,,,,,,
1757,-1,0,FALSE,,,,,,,
1758,1,0,FALSE,,,,,,,
1759,1,1,TRUE,,,,,,,
1760,0,0,TRUE,,,,,,,
1761,1,0,FALSE,,,,,,,
1762,-1,0,FALSE,,,,,,,
1763,1,1,TRUE,,,,,,,
1764,0,0,TRUE,,,,,,,
1765,0,1,FALSE,,,,,,,
1766,1,0,FALSE,,,,,,,
1767,1,0,FALSE,,,,,,,
1768,1,1,TRUE,,,,,,,
1769,1,1,TRUE,,,,,,,
1770,1,1,TRUE,,,,,,,
1771,1,-1,FALSE,,,,,,,
1772,1,1,TRUE,,,,,,,
1773,0,0,TRUE,,,,,,,
1774,0,0,TRUE,,,,,,,
1775,1,1,TRUE,,,,,,,
1776,0,0,TRUE,,,,,,,
1777,0,0,TRUE,,,,,,,
1778,0,1,FALSE,,,,,,,
1779,0,0,TRUE,,,,,,,
1780,1,0,FALSE,,,,,,,
1781,1,1,TRUE,,,,,,,
1782,-1,1,FALSE,,,,,,,
1783,1,0,FALSE,,,,,,,
1784,0,1,FALSE,,,,,,,
1785,1,-1,FALSE,,,,,,,
1786,1,0,FALSE,,,,,,,
1787,1,0,FALSE,,,,,,,
1788,-1,1,FALSE,,,,,,,
1789,0,0,TRUE,,,,,,,
1790,1,0,FALSE,,,,,,,
1791,-1,0,FALSE,,,,,,,
1792,0,0,TRUE,,,,,,,
1793,1,1,TRUE,,,,,,,
1794,-1,0,FALSE,,,,,,,
1795,1,0,FALSE,,,,,,,
1796,1,0,FALSE,,,,,,,
1797,0,0,TRUE,,,,,,,
1798,1,0,FALSE,,,,,,,
1799,0,1,FALSE,,,,,,,
1800,1,0,FALSE,,,,,,,
1801,-1,-1,TRUE,,,,,,,
1802,-1,0,FALSE,,,,,,,
1803,0,1,FALSE,,,,,,,
1804,0,0,TRUE,,,,,,,
1805,0,1,FALSE,,,,,,,
1806,-1,0,FALSE,,,,,,,
1807,1,0,FALSE,,,,,,,
1808,1,1,TRUE,,,,,,,
1809,0,1,FALSE,,,,,,,
1810,-1,1,FALSE,,,,,,,
1811,1,1,TRUE,,,,,,,
1812,1,1,TRUE,,,,,,,
1813,1,1,TRUE,,,,,,,
1814,1,0,FALSE,,,,,,,
1815,0,1,FALSE,,,,,,,
1816,0,1,FALSE,,,,,,,
1817,1,0,FALSE,,,,,,,
1818,-1,1,FALSE,,,,,,,
1819,1,0,FALSE,,,,,,,
1820,0,0,TRUE,,,,,,,
1821,0,0,TRUE,,,,,,,
1822,-1,0,FALSE,,,,,,,
1823,0,1,FALSE,,,,,,,
1824,1,0,FALSE,,,,,,,
1825,0,0,TRUE,,,,,,,
1826,1,0,FALSE,,,,,,,
1827,0,1,FALSE,,,,,,,
1828,0,1,FALSE,,,,,,,
1829,1,0,FALSE,,,,,,,
1830,1,0,FALSE,,,,,,,
1831,0,0,TRUE,,,,,,,
1832,1,0,FALSE,,,,,,,
1833,0,1,FALSE,,,,,,,
1834,-1,0,FALSE,,,,,,,
1835,0,0,TRUE,,,,,,,
1836,0,0,TRUE,,,,,,,
1837,1,0,FALSE,,,,,,,
1838,1,1,TRUE,,,,,,,
1839,1,0,FALSE,,,,,,,
1840,1,0,FALSE,,,,,,,
1841,0,0,TRUE,,,,,,,
1842,-1,0,FALSE,,,,,,,
1843,0,0,TRUE,,,,,,,
1844,1,1,TRUE,,,,,,,
1845,1,0,FALSE,,,,,,,
1846,1,1,TRUE,,,,,,,
1847,1,1,TRUE,,,,,,,
1848,0,0,TRUE,,,,,,,
1849,0,0,TRUE,,,,,,,
1850,-1,0,FALSE,,,,,,,
1851,1,0,FALSE,,,,,,,
1852,0,0,TRUE,,,,,,,
1853,1,0,FALSE,,,,,,,
1854,0,0,TRUE,,,,,,,
1855,1,0,FALSE,,,,,,,
1856,1,0,FALSE,,,,,,,
1857,0,0,TRUE,,,,,,,
1858,0,0,TRUE,,,,,,,
1859,-1,0,FALSE,,,,,,,
1860,-1,0,FALSE,,,,,,,
1861,-1,0,FALSE,,,,,,,
1862,0,0,TRUE,,,,,,,
1863,0,1,FALSE,,,,,,,
1864,-1,0,FALSE,,,,,,,
1865,1,0,FALSE,,,,,,,
1866,0,0,TRUE,,,,,,,
1867,0,0,TRUE,,,,,,,
1868,1,0,FALSE,,,,,,,
1869,-1,0,FALSE,,,,,,,
1870,0,0,TRUE,,,,,,,
1871,0,1,FALSE,,,,,,,
1872,-1,1,FALSE,,,,,,,
1873,1,1,TRUE,,,,,,,
1874,1,0,FALSE,,,,,,,
1875,1,1,TRUE,,,,,,,
1876,1,1,TRUE,,,,,,,
1877,0,1,FALSE,,,,,,,
1878,-1,0,FALSE,,,,,,,
1879,-1,0,FALSE,,,,,,,
1880,0,0,TRUE,,,,,,,
1881,-1,0,FALSE,,,,,,,
1882,-1,0,FALSE,,,,,,,
1883,0,0,TRUE,,,,,,,
1884,0,1,FALSE,,,,,,,
1885,1,0,FALSE,,,,,,,
1886,1,1,TRUE,,,,,,,
1887,1,0,FALSE,,,,,,,
1888,0,0,TRUE,,,,,,,
1889,0,0,TRUE,,,,,,,
1890,-1,0,FALSE,,,,,,,
1891,0,1,FALSE,,,,,,,
1892,-1,1,FALSE,,,,,,,
1893,0,0,TRUE,,,,,,,
1894,1,0,FALSE,,,,,,,
1895,0,1,FALSE,,,,,,,
1896,1,0,FALSE,,,,,,,
1897,0,0,TRUE,,,,,,,
1898,1,0,FALSE,,,,,,,
1899,1,0,FALSE,,,,,,,
1900,1,0,FALSE,,,,,,,
1901,1,0,FALSE,,,,,,,
1902,-1,0,FALSE,,,,,,,
1903,0,1,FALSE,,,,,,,
1904,1,0,FALSE,,,,,,,
1905,0,0,TRUE,,,,,,,
1906,0,1,FALSE,,,,,,,
1907,0,0,TRUE,,,,,,,
1908,1,0,FALSE,,,,,,,
1909,0,0,TRUE,,,,,,,
1910,0,0,TRUE,,,,,,,
1911,1,1,TRUE,,,,,,,
1912,-1,0,FALSE,,,,,,,
1913,-1,0,FALSE,,,,,,,
1914,1,0,FALSE,,,,,,,
1915,-1,1,FALSE,,,,,,,
1916,0,0,TRUE,,,,,,,
1917,0,1,FALSE,,,,,,,
1918,0,0,TRUE,,,,,,,
1919,0,0,TRUE,,,,,,,
1920,1,0,FALSE,,,,,,,
1921,-1,0,FALSE,,,,,,,
1922,1,1,TRUE,,,,,,,
1923,0,1,FALSE,,,,,,,
1924,0,1,FALSE,,,,,,,
1925,1,1,TRUE,,,,,,,
1926,0,0,TRUE,,,,,,,
1927,-1,0,FALSE,,,,,,,
1928,1,0,FALSE,,,,,,,
1929,-1,0,FALSE,,,,,,,
1930,-1,0,FALSE,,,,,,,
1931,0,0,TRUE,,,,,,,
1932,0,1,FALSE,,,,,,,
1933,0,-1,FALSE,,,,,,,
1934,0,0,TRUE,,,,,,,
1935,0,0,TRUE,,,,,,,
1936,1,1,TRUE,,,,,,,
1937,0,0,TRUE,,,,,,,
1938,0,0,TRUE,,,,,,,
1939,0,1,FALSE,,,,,,,
1940,0,0,TRUE,,,,,,,
1941,0,0,TRUE,,,,,,,
1942,0,0,TRUE,,,,,,,
1943,0,1,FALSE,,,,,,,
1944,1,1,TRUE,,,,,,,
1945,1,1,TRUE,,,,,,,
1946,1,0,FALSE,,,,,,,
1947,0,0,TRUE,,,,,,,
1948,0,0,TRUE,,,,,,,
1949,1,1,TRUE,,,,,,,
1950,-1,0,FALSE,,,,,,,
1951,0,1,FALSE,,,,,,,
1952,1,1,TRUE,,,,,,,
1953,-1,1,FALSE,,,,,,,
1954,1,0,FALSE,,,,,,,
1955,1,1,TRUE,,,,,,,
1956,0,1,FALSE,,,,,,,
1957,0,1,FALSE,,,,,,,
1958,-1,1,FALSE,,,,,,,
1959,1,1,TRUE,,,,,,,
1960,1,0,FALSE,,,,,,,
1961,-1,0,FALSE,,,,,,,
1962,0,1,FALSE,,,,,,,
1963,0,0,TRUE,,,,,,,
1964,0,0,TRUE,,,,,,,
1965,1,1,TRUE,,,,,,,
1966,-1,-1,TRUE,,,,,,,
1967,0,0,TRUE,,,,,,,
1968,1,1,TRUE,,,,,,,
1969,1,0,FALSE,,,,,,,
1970,0,0,TRUE,,,,,,,
1971,-1,0,FALSE,,,,,,,
1972,0,0,TRUE,,,,,,,
1973,1,1,TRUE,,,,,,,
1974,0,0,TRUE,,,,,,,
1975,0,0,TRUE,,,,,,,
1976,1,1,TRUE,,,,,,,
1977,1,1,TRUE,,,,,,,
1978,1,1,TRUE,,,,,,,
1979,1,0,FALSE,,,,,,,
1980,-1,0,FALSE,,,,,,,
1981,0,0,TRUE,,,,,,,
1982,0,1,FALSE,,,,,,,
1983,1,1,TRUE,,,,,,,
1984,1,0,FALSE,,,,,,,
1985,-1,1,FALSE,,,,,,,
1986,1,0,FALSE,,,,,,,
1987,1,0,FALSE,,,,,,,
1988,1,1,TRUE,,,,,,,
1989,1,0,FALSE,,,,,,,
1990,1,1,TRUE,,,,,,,
1991,0,0,TRUE,,,,,,,
1992,0,0,TRUE,,,,,,,
1993,-1,1,FALSE,,,,,,,
1994,0,1,FALSE,,,,,,,
1995,1,0,FALSE,,,,,,,
1996,0,0,TRUE,,,,,,,
1997,1,1,TRUE,,,,,,,
1998,1,0,FALSE,,,,,,,
1999,1,1,TRUE,,,,,,,
2000,0,0,TRUE,,,,,,,
2001,0,0,TRUE,,,,,,,
2002,-1,0,FALSE,,,,,,,
2003,0,0,TRUE,,,,,,,
2004,0,-1,FALSE,,,,,,,
2005,1,1,TRUE,,,,,,,
2006,1,-1,FALSE,,,,,,,
2007,-1,1,FALSE,,,,,,,
2008,1,1,TRUE,,,,,,,
2009,0,0,TRUE,,,,,,,
2010,1,1,TRUE,,,,,,,
2011,-1,0,FALSE,,,,,,,
2012,1,0,FALSE,,,,,,,
2013,1,1,TRUE,,,,,,,
2014,0,0,TRUE,,,,,,,
2015,0,0,TRUE,,,,,,,
2016,1,1,TRUE,,,,,,,
2017,-1,0,FALSE,,,,,,,
2018,0,1,FALSE,,,,,,,
2019,0,0,TRUE,,,,,,,
2020,1,-1,FALSE,,,,,,,
2021,1,0,FALSE,,,,,,,
2022,0,0,TRUE,,,,,,,
2023,1,1,TRUE,,,,,,,
2024,0,0,TRUE,,,,,,,
2025,1,0,FALSE,,,,,,,
2026,1,1,TRUE,,,,,,,
2027,0,1,FALSE,,,,,,,
2028,1,0,FALSE,,,,,,,
2029,1,0,FALSE,,,,,,,
2030,1,1,TRUE,,,,,,,
2031,1,0,FALSE,,,,,,,
2032,1,0,FALSE,,,,,,,
2033,1,1,TRUE,,,,,,,
2034,0,1,FALSE,,,,,,,
2035,0,1,FALSE,,,,,,,
2036,0,1,FALSE,,,,,,,
2037,-1,0,FALSE,,,,,,,
2038,0,1,FALSE,,,,,,,
2039,0,1,FALSE,,,,,,,
2040,0,0,TRUE,,,,,,,
2041,0,0,TRUE,,,,,,,
2042,0,0,TRUE,,,,,,,
2043,0,0,TRUE,,,,,,,
2044,1,0,FALSE,,,,,,,
2045,0,0,TRUE,,,,,,,
2046,1,0,FALSE,,,,,,,
2047,0,1,FALSE,,,,,,,
2048,1,0,FALSE,,,,,,,
2049,1,0,FALSE,,,,,,,
2050,0,0,TRUE,,,,,,,
2051,1,0,FALSE,,,,,,,
2052,0,0,TRUE,,,,,,,
2053,0,1,FALSE,,,,,,,
2054,-1,0,FALSE,,,,,,,
2055,1,1,TRUE,,,,,,,
2056,1,1,TRUE,,,,,,,
2057,0,0,TRUE,,,,,,,
2058,1,0,FALSE,,,,,,,
2059,1,0,FALSE,,,,,,,
2060,0,1,FALSE,,,,,,,
2061,0,1,FALSE,,,,,,,
2062,1,0,FALSE,,,,,,,
2063,0,1,FALSE,,,,,,,
2064,0,-1,FALSE,,,,,,,
2065,1,1,TRUE,,,,,,,
2066,0,0,TRUE,,,,,,,
2067,0,1,FALSE,,,,,,,
2068,1,-1,FALSE,,,,,,,
2069,1,1,TRUE,,,,,,,
2070,1,0,FALSE,,,,,,,
2071,0,1,FALSE,,,,,,,
2072,1,0,FALSE,,,,,,,
2073,1,0,FALSE,,,,,,,
2074,0,1,FALSE,,,,,,,
2075,1,0,FALSE,,,,,,,
2076,0,0,TRUE,,,,,,,
2077,0,0,TRUE,,,,,,,
2078,0,1,FALSE,,,,,,,
2079,0,0,TRUE,,,,,,,
2080,1,1,TRUE,,,,,,,
2081,1,1,TRUE,,,,,,,
2082,0,0,TRUE,,,,,,,
2083,0,1,FALSE,,,,,,,
2084,0,1,FALSE,,,,,,,
2085,1,1,TRUE,,,,,,,
2086,0,1,FALSE,,,,,,,
2087,0,0,TRUE,,,,,,,
2088,1,1,TRUE,,,,,,,
2089,1,0,FALSE,,,,,,,
2090,1,1,TRUE,,,,,,,
2091,1,1,TRUE,,,,,,,
2092,0,1,FALSE,,,,,,,
2093,1,0,FALSE,,,,,,,
2094,1,0,FALSE,,,,,,,
2095,1,0,FALSE,,,,,,,
2096,0,0,TRUE,,,,,,,
2097,0,1,FALSE,,,,,,,
2098,1,1,TRUE,,,,,,,
2099,-1,1,FALSE,,,,,,,
2100,1,1,TRUE,,,,,,,
2101,1,0,FALSE,,,,,,,
2102,0,1,FALSE,,,,,,,
2103,1,1,TRUE,,,,,,,
2104,0,0,TRUE,,,,,,,
2105,1,0,FALSE,,,,,,,
2106,0,0,TRUE,,,,,,,
2107,0,0,TRUE,,,,,,,
2108,0,1,FALSE,,,,,,,
2109,1,1,TRUE,,,,,,,
2110,1,0,FALSE,,,,,,,
2111,0,1,FALSE,,,,,,,
2112,1,0,FALSE,,,,,,,
2113,1,0,FALSE,,,,,,,
2114,0,1,FALSE,,,,,,,
2115,0,0,TRUE,,,,,,,
2116,0,1,FALSE,,,,,,,
2117,0,1,FALSE,,,,,,,
2118,1,0,FALSE,,,,,,,
2119,1,0,FALSE,,,,,,,
2120,1,0,FALSE,,,,,,,
2121,1,1,TRUE,,,,,,,
2122,1,1,TRUE,,,,,,,
2123,0,-1,FALSE,,,,,,,
2124,-1,1,FALSE,,,,,,,
2125,1,1,TRUE,,,,,,,
2126,1,0,FALSE,,,,,,,
2127,0,0,TRUE,,,,,,,
2128,1,1,TRUE,,,,,,,
2129,1,1,TRUE,,,,,,,
2130,1,-1,FALSE,,,,,,,
2131,1,0,FALSE,,,,,,,
2132,-1,0,FALSE,,,,,,,
2133,0,1,FALSE,,,,,,,
2134,1,0,FALSE,,,,,,,
2135,0,1,FALSE,,,,,,,
2136,0,1,FALSE,,,,,,,
2137,1,0,FALSE,,,,,,,
2138,0,1,FALSE,,,,,,,
2139,0,0,TRUE,,,,,,,
2140,1,0,FALSE,,,,,,,
2141,0,1,FALSE,,,,,,,
2142,0,0,TRUE,,,,,,,
2143,1,1,TRUE,,,,,,,
2144,-1,1,FALSE,,,,,,,
2145,0,0,TRUE,,,,,,,
2146,0,-1,FALSE,,,,,,,
2147,0,1,FALSE,,,,,,,
2148,1,0,FALSE,,,,,,,
2149,0,1,FALSE,,,,,,,
2150,0,1,FALSE,,,,,,,
2151,0,0,TRUE,,,,,,,
2152,0,0,TRUE,,,,,,,
2153,-1,1,FALSE,,,,,,,
2154,1,0,FALSE,,,,,,,
2155,0,0,TRUE,,,,,,,
2156,0,1,FALSE,,,,,,,
2157,0,1,FALSE,,,,,,,
2158,-1,0,FALSE,,,,,,,
2159,1,0,FALSE,,,,,,,
2160,1,1,TRUE,,,,,,,
2161,0,0,TRUE,,,,,,,
2162,0,0,TRUE,,,,,,,
2163,0,1,FALSE,,,,,,,
2164,-1,-1,TRUE,,,,,,,
2165,0,0,TRUE,,,,,,,
2166,1,1,TRUE,,,,,,,
2167,0,1,FALSE,,,,,,,
2168,0,0,TRUE,,,,,,,
2169,1,0,FALSE,,,,,,,
2170,1,0,FALSE,,,,,,,
2171,1,1,TRUE,,,,,,,
2172,0,0,TRUE,,,,,,,
2173,1,1,TRUE,,,,,,,
2174,0,-1,FALSE,,,,,,,
2175,0,1,FALSE,,,,,,,
2176,1,1,TRUE,,,,,,,
2177,1,0,FALSE,,,,,,,
2178,0,0,TRUE,,,,,,,
2179,1,1,TRUE,,,,,,,
2180,1,1,TRUE,,,,,,,
2181,1,0,FALSE,,,,,,,
2182,1,0,FALSE,,,,,,,
2183,0,1,FALSE,,,,,,,
2184,1,1,TRUE,,,,,,,
2185,0,1,FALSE,,,,,,,
2186,-1,0,FALSE,,,,,,,
2187,1,1,TRUE,,,,,,,
2188,1,0,FALSE,,,,,,,
2189,1,0,FALSE,,,,,,,
2190,0,1,FALSE,,,,,,,
2191,-1,1,FALSE,,,,,,,
2192,0,0,TRUE,,,,,,,
2193,1,0,FALSE,,,,,,,
2194,1,0,FALSE,,,,,,,
2195,0,0,TRUE,,,,,,,
2196,0,1,FALSE,,,,,,,
2197,1,0,FALSE,,,,,,,
2198,0,1,FALSE,,,,,,,
2199,0,0,TRUE,,,,,,,
2200,1,0,FALSE,,,,,,,
2201,-1,1,FALSE,,,,,,,
2202,0,0,TRUE,,,,,,,
2203,1,0,FALSE,,,,,,,
2204,0,0,TRUE,,,,,,,
2205,0,1,FALSE,,,,,,,
2206,1,1,TRUE,,,,,,,
2207,0,1,FALSE,,,,,,,
2208,0,0,TRUE,,,,,,,
2209,1,0,FALSE,,,,,,,
2210,0,0,TRUE,,,,,,,
2211,1,0,FALSE,,,,,,,
2212,0,0,TRUE,,,,,,,
2213,-1,0,FALSE,,,,,,,
2214,1,0,FALSE,,,,,,,
2215,-1,0,FALSE,,,,,,,
2216,-1,0,FALSE,,,,,,,
2217,0,0,TRUE,,,,,,,
2218,0,1,FALSE,,,,,,,
2219,0,1,FALSE,,,,,,,
2220,-1,0,FALSE,,,,,,,
2221,-1,1,FALSE,,,,,,,
2222,1,0,FALSE,,,,,,,
2223,0,0,TRUE,,,,,,,
2224,1,1,TRUE,,,,,,,
2225,-1,0,FALSE,,,,,,,
2226,-1,0,FALSE,,,,,,,
2227,1,0,FALSE,,,,,,,
2228,1,0,FALSE,,,,,,,
2229,0,1,FALSE,,,,,,,
2230,0,0,TRUE,,,,,,,
2231,1,0,FALSE,,,,,,,
2232,1,1,TRUE,,,,,,,
2233,0,1,FALSE,,,,,,,
2234,1,0,FALSE,,,,,,,
2235,-1,1,FALSE,,,,,,,
2236,0,1,FALSE,,,,,,,
2237,-1,0,FALSE,,,,,,,
2238,0,1,FALSE,,,,,,,
2239,0,0,TRUE,,,,,,,
2240,0,0,TRUE,,,,,,,
2241,-1,0,FALSE,,,,,,,
2242,1,0,FALSE,,,,,,,
2243,1,1,TRUE,,,,,,,
2244,1,0,FALSE,,,,,,,
2245,1,0,FALSE,,,,,,,
2246,1,1,TRUE,,,,,,,
2247,0,1,FALSE,,,,,,,
2248,-1,1,FALSE,,,,,,,
2249,0,0,TRUE,,,,,,,
2250,-1,0,FALSE,,,,,,,
2251,-1,1,FALSE,,,,,,,
2252,-1,1,FALSE,,,,,,,
2253,-1,0,FALSE,,,,,,,
2254,1,1,TRUE,,,,,,,
2255,1,1,TRUE,,,,,,,
2256,1,0,FALSE,,,,,,,
2257,1,1,TRUE,,,,,,,
2258,1,1,TRUE,,,,,,,
2259,-1,0,FALSE,,,,,,,
2260,0,1,FALSE,,,,,,,
2261,0,1,FALSE,,,,,,,
2262,0,1,FALSE,,,,,,,
2263,-1,0,FALSE,,,,,,,
2264,1,1,TRUE,,,,,,,
2265,0,1,FALSE,,,,,,,
2266,0,1,FALSE,,,,,,,
2267,0,0,TRUE,,,,,,,
2268,1,0,FALSE,,,,,,,
2269,1,1,TRUE,,,,,,,
2270,0,1,FALSE,,,,,,,
2271,-1,0,FALSE,,,,,,,
2272,0,0,TRUE,,,,,,,
2273,1,1,TRUE,,,,,,,
2274,0,1,FALSE,,,,,,,
2275,1,1,TRUE,,,,,,,
2276,-1,1,FALSE,,,,,,,
2277,0,0,TRUE,,,,,,,
2278,0,0,TRUE,,,,,,,
2279,0,0,TRUE,,,,,,,
2280,0,0,TRUE,,,,,,,
2281,0,0,TRUE,,,,,,,
2282,0,1,FALSE,,,,,,,
2283,0,1,FALSE,,,,,,,
2284,-1,0,FALSE,,,,,,,
2285,1,0,FALSE,,,,,,,
2286,0,1,FALSE,,,,,,,
2287,0,0,TRUE,,,,,,,
2288,0,1,FALSE,,,,,,,
2289,0,0,TRUE,,,,,,,
2290,0,1,FALSE,,,,,,,
2291,0,1,FALSE,,,,,,,
2292,0,0,TRUE,,,,,,,
2293,1,0,FALSE,,,,,,,
2294,0,1,FALSE,,,,,,,
2295,1,1,TRUE,,,,,,,
2296,0,1,FALSE,,,,,,,
2297,0,0,TRUE,,,,,,,
2298,1,1,TRUE,,,,,,,
2299,1,0,FALSE,,,,,,,
2300,0,1,FALSE,,,,,,,
2301,0,0,TRUE,,,,,,,
2302,0,1,FALSE,,,,,,,
2303,0,0,TRUE,,,,,,,
2304,0,0,TRUE,,,,,,,
2305,0,0,TRUE,,,,,,,
2306,0,1,FALSE,,,,,,,
2307,-1,0,FALSE,,,,,,,
2308,0,-1,FALSE,,,,,,,
2309,1,1,TRUE,,,,,,,
2310,-1,0,FALSE,,,,,,,
2311,0,-1,FALSE,,,,,,,
2312,-1,1,FALSE,,,,,,,
2313,0,1,FALSE,,,,,,,
2314,1,0,FALSE,,,,,,,
2315,0,0,TRUE,,,,,,,
2316,1,0,FALSE,,,,,,,
2317,1,0,FALSE,,,,,,,
2318,1,0,FALSE,,,,,,,
2319,1,0,FALSE,,,,,,,
2320,1,0,FALSE,,,,,,,
2321,0,1,FALSE,,,,,,,
2322,1,0,FALSE,,,,,,,
2323,1,1,TRUE,,,,,,,
2324,0,0,TRUE,,,,,,,
2325,1,1,TRUE,,,,,,,
2326,0,0,TRUE,,,,,,,
2327,-1,0,FALSE,,,,,,,
2328,0,0,TRUE,,,,,,,
2329,0,0,TRUE,,,,,,,
2330,0,0,TRUE,,,,,,,
2331,0,0,TRUE,,,,,,,
2332,0,-1,FALSE,,,,,,,
2333,1,0,FALSE,,,,,,,
2334,0,0,TRUE,,,,,,,
2335,1,1,TRUE,,,,,,,
2336,0,1,FALSE,,,,,,,
2337,1,1,TRUE,,,,,,,
2338,0,0,TRUE,,,,,,,
2339,-1,1,FALSE,,,,,,,
2340,-1,1,FALSE,,,,,,,
2341,0,0,TRUE,,,,,,,
2342,0,-1,FALSE,,,,,,,
2343,1,1,TRUE,,,,,,,
2344,1,0,FALSE,,,,,,,
2345,0,0,TRUE,,,,,,,
2346,0,1,FALSE,,,,,,,
2347,1,0,FALSE,,,,,,,
2348,0,0,TRUE,,,,,,,
2349,-1,0,FALSE,,,,,,,
2350,0,1,FALSE,,,,,,,
2351,-1,1,FALSE,,,,,,,
2352,0,0,TRUE,,,,,,,
2353,0,0,TRUE,,,,,,,
2354,-1,0,FALSE,,,,,,,
2355,0,1,FALSE,,,,,,,
2356,1,1,TRUE,,,,,,,
2357,1,0,FALSE,,,,,,,
2358,0,0,TRUE,,,,,,,
2359,1,0,FALSE,,,,,,,
2360,1,1,TRUE,,,,,,,
2361,1,0,FALSE,,,,,,,
2362,0,1,FALSE,,,,,,,
2363,0,0,TRUE,,,,,,,
2364,1,0,FALSE,,,,,,,
2365,1,0,FALSE,,,,,,,
2366,1,0,FALSE,,,,,,,
2367,1,0,FALSE,,,,,,,
2368,0,1,FALSE,,,,,,,
2369,1,1,TRUE,,,,,,,
2370,0,0,TRUE,,,,,,,
2371,1,0,FALSE,,,,,,,
2372,-1,0,FALSE,,,,,,,
2373,1,0,FALSE,,,,,,,
2374,1,0,FALSE,,,,,,,
2375,0,1,FALSE,,,,,,,
2376,0,1,FALSE,,,,,,,
2377,0,0,TRUE,,,,,,,
2378,0,1,FALSE,,,,,,,
2379,-1,0,FALSE,,,,,,,
2380,0,0,TRUE,,,,,,,
2381,1,0,FALSE,,,,,,,
2382,0,1,FALSE,,,,,,,
2383,0,1,FALSE,,,,,,,
2384,1,1,TRUE,,,,,,,
2385,1,0,FALSE,,,,,,,
2386,0,0,TRUE,,,,,,,
2387,1,1,TRUE,,,,,,,
2388,1,0,FALSE,,,,,,,
2389,0,0,TRUE,,,,,,,
2390,1,1,TRUE,,,,,,,
2391,1,0,FALSE,,,,,,,
2392,0,0,TRUE,,,,,,,
2393,1,1,TRUE,,,,,,,
2394,0,0,TRUE,,,,,,,
2395,1,1,TRUE,,,,,,,
2396,0,0,TRUE,,,,,,,
2397,1,1,TRUE,,,,,,,
2398,-1,0,FALSE,,,,,,,
2399,1,-1,FALSE,,,,,,,
2400,1,0,FALSE,,,,,,,
2401,0,1,FALSE,,,,,,,
2402,1,-1,FALSE,,,,,,,
2403,1,0,FALSE,,,,,,,
2404,-1,1,FALSE,,,,,,,
2405,1,0,FALSE,,,,,,,
2406,0,0,TRUE,,,,,,,
2407,1,0,FALSE,,,,,,,
2408,1,0,FALSE,,,,,,,
2409,0,0,TRUE,,,,,,,
2410,-1,0,FALSE,,,,,,,
2411,1,1,TRUE,,,,,,,
2412,0,0,TRUE,,,,,,,
2413,0,0,TRUE,,,,,,,
2414,0,1,FALSE,,,,,,,
2415,1,0,FALSE,,,,,,,
2416,0,0,TRUE,,,,,,,
2417,0,0,TRUE,,,,,,,
2418,1,1,TRUE,,,,,,,
2419,-1,1,FALSE,,,,,,,
2420,-1,0,FALSE,,,,,,,
2421,1,0,FALSE,,,,,,,
2422,1,1,TRUE,,,,,,,
2423,0,1,FALSE,,,,,,,
2424,1,-1,FALSE,,,,,,,
2425,0,1,FALSE,,,,,,,
2426,0,0,TRUE,,,,,,,
2427,0,1,FALSE,,,,,,,
2428,1,1,TRUE,,,,,,,
2429,0,1,FALSE,,,,,,,
2430,0,0,TRUE,,,,,,,
2431,0,0,TRUE,,,,,,,
2432,1,1,TRUE,,,,,,,
2433,0,0,TRUE,,,,,,,
2434,1,0,FALSE,,,,,,,
2435,1,-1,FALSE,,,,,,,
2436,1,0,FALSE,,,,,,,
2437,0,0,TRUE,,,,,,,
2438,1,-1,FALSE,,,,,,,
2439,0,0,TRUE,,,,,,,
2440,1,0,FALSE,,,,,,,
2441,-1,1,FALSE,,,,,,,
2442,1,0,FALSE,,,,,,,
2443,0,0,TRUE,,,,,,,
2444,1,0,FALSE,,,,,,,
2445,0,0,TRUE,,,,,,,
2446,-1,0,FALSE,,,,,,,
2447,1,-1,FALSE,,,,,,,
2448,0,0,TRUE,,,,,,,
2449,1,0,FALSE,,,,,,,
2450,-1,-1,TRUE,,,,,,,
2451,0,0,TRUE,,,,,,,
2452,-1,1,FALSE,,,,,,,
2453,1,0,FALSE,,,,,,,
2454,-1,1,FALSE,,,,,,,
2455,0,0,TRUE,,,,,,,
2456,1,0,FALSE,,,,,,,
2457,-1,0,FALSE,,,,,,,
2458,1,0,FALSE,,,,,,,
2459,0,1,FALSE,,,,,,,
2460,0,0,TRUE,,,,,,,
2461,0,0,TRUE,,,,,,,
2462,-1,0,FALSE,,,,,,,
2463,1,1,TRUE,,,,,,,
2464,-1,1,FALSE,,,,,,,
2465,1,0,FALSE,,,,,,,
2466,0,0,TRUE,,,,,,,
2467,0,0,TRUE,,,,,,,
2468,0,0,TRUE,,,,,,,
2469,1,1,TRUE,,,,,,,
2470,1,0,FALSE,,,,,,,
2471,1,0,FALSE,,,,,,,
2472,1,0,FALSE,,,,,,,
2473,0,0,TRUE,,,,,,,
2474,-1,0,FALSE,,,,,,,
2475,1,0,FALSE,,,,,,,
2476,0,1,FALSE,,,,,,,
2477,1,0,FALSE,,,,,,,
2478,1,0,FALSE,,,,,,,
2479,0,1,FALSE,,,,,,,
2480,1,0,FALSE,,,,,,,
2481,-1,-1,TRUE,,,,,,,
2482,1,1,TRUE,,,,,,,
2483,1,1,TRUE,,,,,,,
2484,0,1,FALSE,,,,,,,
2485,0,0,TRUE,,,,,,,
2486,0,1,FALSE,,,,,,,
2487,-1,1,FALSE,,,,,,,
2488,0,0,TRUE,,,,,,,
2489,0,-1,FALSE,,,,,,,
2490,1,0,FALSE,,,,,,,
2491,0,0,TRUE,,,,,,,
2492,0,1,FALSE,,,,,,,
2493,-1,-1,TRUE,,,,,,,
2494,1,1,TRUE,,,,,,,
2495,1,1,TRUE,,,,,,,
2496,0,0,TRUE,,,,,,,
2497,0,1,FALSE,,,,,,,
2498,1,1,TRUE,,,,,,,
2499,0,1,FALSE,,,,,,,
2500,0,1,FALSE,,,,,,,
2501,1,-1,FALSE,,,,,,,
2502,0,1,FALSE,,,,,,,
2503,-1,-1,TRUE,,,,,,,
2504,0,1,FALSE,,,,,,,
2505,1,1,TRUE,,,,,,,
2506,-1,0,FALSE,,,,,,,
2507,0,0,TRUE,,,,,,,
2508,0,0,TRUE,,,,,,,
2509,0,0,TRUE,,,,,,,
2510,0,1,FALSE,,,,,,,
2511,-1,0,FALSE,,,,,,,
2512,1,0,FALSE,,,,,,,
2513,-1,0,FALSE,,,,,,,
2514,0,0,TRUE,,,,,,,
2515,1,1,TRUE,,,,,,,
2516,0,0,TRUE,,,,,,,
2517,0,0,TRUE,,,,,,,
2518,-1,1,FALSE,,,,,,,
2519,1,0,FALSE,,,,,,,
2520,0,0,TRUE,,,,,,,
2521,0,1,FALSE,,,,,,,
2522,1,1,TRUE,,,,,,,
2523,0,0,TRUE,,,,,,,
2524,0,0,TRUE,,,,,,,
2525,1,1,TRUE,,,,,,,
2526,1,1,TRUE,,,,,,,
2527,1,0,FALSE,,,,,,,
2528,1,1,TRUE,,,,,,,
2529,0,0,TRUE,,,,,,,
2530,0,0,TRUE,,,,,,,
2531,0,0,TRUE,,,,,,,
2532,-1,-1,TRUE,,,,,,,
2533,-1,0,FALSE,,,,,,,
2534,0,0,TRUE,,,,,,,
2535,0,1,FALSE,,,,,,,
2536,0,0,TRUE,,,,,,,
2537,0,0,TRUE,,,,,,,
2538,1,1,TRUE,,,,,,,
2539,-1,0,FALSE,,,,,,,
2540,0,0,TRUE,,,,,,,
2541,1,1,TRUE,,,,,,,
2542,-1,0,FALSE,,,,,,,
2543,0,0,TRUE,,,,,,,
2544,1,0,FALSE,,,,,,,
2545,0,0,TRUE,,,,,,,
2546,-1,1,FALSE,,,,,,,
2547,1,0,FALSE,,,,,,,
2548,-1,0,FALSE,,,,,,,
2549,0,0,TRUE,,,,,,,
2550,0,0,TRUE,,,,,,,
2551,1,0,FALSE,,,,,,,
2552,-1,0,FALSE,,,,,,,
2553,1,0,FALSE,,,,,,,
2554,0,1,FALSE,,,,,,,
2555,0,0,TRUE,,,,,,,
2556,1,1,TRUE,,,,,,,
2557,1,0,FALSE,,,,,,,
2558,0,0,TRUE,,,,,,,
2559,1,1,TRUE,,,,,,,
2560,0,0,TRUE,,,,,,,
2561,0,0,TRUE,,,,,,,
2562,1,-1,FALSE,,,,,,,
2563,0,0,TRUE,,,,,,,
2564,1,0,FALSE,,,,,,,
2565,0,1,FALSE,,,,,,,
2566,1,1,TRUE,,,,,,,
2567,0,0,TRUE,,,,,,,
2568,0,0,TRUE,,,,,,,
2569,0,0,TRUE,,,,,,,
2570,0,1,FALSE,,,,,,,
2571,0,0,TRUE,,,,,,,
2572,1,0,FALSE,,,,,,,
2573,0,1,FALSE,,,,,,,
2574,1,1,TRUE,,,,,,,
2575,1,1,TRUE,,,,,,,
2576,-1,0,FALSE,,,,,,,
2577,0,0,TRUE,,,,,,,
2578,0,0,TRUE,,,,,,,
2579,0,1,FALSE,,,,,,,
2580,0,0,TRUE,,,,,,,
2581,1,-1,FALSE,,,,,,,
2582,1,0,FALSE,,,,,,,
2583,1,0,FALSE,,,,,,,
2584,0,0,TRUE,,,,,,,
2585,0,1,FALSE,,,,,,,
2586,0,0,TRUE,,,,,,,
2587,-1,1,FALSE,,,,,,,
2588,0,0,TRUE,,,,,,,
2589,0,0,TRUE,,,,,,,
2590,0,0,TRUE,,,,,,,
2591,-1,0,FALSE,,,,,,,
2592,0,1,FALSE,,,,,,,
2593,0,1,FALSE,,,,,,,
2594,0,0,TRUE,,,,,,,
2595,0,0,TRUE,,,,,,,
2596,1,0,FALSE,,,,,,,
2597,1,1,TRUE,,,,,,,
2598,0,0,TRUE,,,,,,,
2599,1,0,FALSE,,,,,,,
2600,0,1,FALSE,,,,,,,
2601,1,1,TRUE,,,,,,,
2602,0,0,TRUE,,,,,,,
2603,0,1,FALSE,,,,,,,
2604,1,0,FALSE,,,,,,,
2605,1,0,FALSE,,,,,,,
2606,-1,1,FALSE,,,,,,,
2607,1,-1,FALSE,,,,,,,
2608,0,0,TRUE,,,,,,,
2609,1,0,FALSE,,,,,,,
2610,1,1,TRUE,,,,,,,
2611,1,0,FALSE,,,,,,,
2612,0,0,TRUE,,,,,,,
2613,1,0,FALSE,,,,,,,
2614,0,0,TRUE,,,,,,,
2615,0,0,TRUE,,,,,,,
2616,-1,0,FALSE,,,,,,,
2617,0,1,FALSE,,,,,,,
2618,0,0,TRUE,,,,,,,
2619,0,1,FALSE,,,,,,,
2620,0,0,TRUE,,,,,,,
2621,0,0,TRUE,,,,,,,
2622,-1,-1,TRUE,,,,,,,
2623,1,1,TRUE,,,,,,,
2624,0,0,TRUE,,,,,,,
2625,0,1,FALSE,,,,,,,
2626,0,0,TRUE,,,,,,,
2627,0,0,TRUE,,,,,,,
2628,1,1,TRUE,,,,,,,
2629,1,0,FALSE,,,,,,,
2630,0,0,TRUE,,,,,,,
2631,0,0,TRUE,,,,,,,
2632,1,1,TRUE,,,,,,,
2633,1,1,TRUE,,,,,,,
2634,-1,1,FALSE,,,,,,,
2635,0,1,FALSE,,,,,,,
2636,0,1,FALSE,,,,,,,
2637,0,1,FALSE,,,,,,,
2638,1,1,TRUE,,,,,,,
2639,-1,0,FALSE,,,,,,,
2640,0,0,TRUE,,,,,,,
2641,0,1,FALSE,,,,,,,
2642,1,1,TRUE,,,,,,,
2643,1,0,FALSE,,,,,,,
2644,1,0,FALSE,,,,,,,
2645,-1,1,FALSE,,,,,,,
2646,1,0,FALSE,,,,,,,
2647,1,0,FALSE,,,,,,,
2648,0,0,TRUE,,,,,,,
2649,1,0,FALSE,,,,,,,
2650,1,1,TRUE,,,,,,,
2651,0,0,TRUE,,,,,,,
2652,1,0,FALSE,,,,,,,
2653,0,0,TRUE,,,,,,,
2654,1,1,TRUE,,,,,,,
2655,0,1,FALSE,,,,,,,
2656,0,1,FALSE,,,,,,,
2657,-1,0,FALSE,,,,,,,
2658,0,0,TRUE,,,,,,,
2659,0,0,TRUE,,,,,,,
2660,0,1,FALSE,,,,,,,
2661,-1,0,FALSE,,,,,,,
2662,0,1,FALSE,,,,,,,
2663,-1,0,FALSE,,,,,,,
2664,-1,0,FALSE,,,,,,,
2665,1,0,FALSE,,,,,,,
2666,0,1,FALSE,,,,,,,
2667,1,0,FALSE,,,,,,,
2668,0,1,FALSE,,,,,,,
2669,0,1,FALSE,,,,,,,
2670,0,1,FALSE,,,,,,,
2671,0,0,TRUE,,,,,,,
2672,-1,0,FALSE,,,,,,,
2673,1,-1,FALSE,,,,,,,
2674,0,1,FALSE,,,,,,,
2675,0,0,TRUE,,,,,,,
2676,0,1,FALSE,,,,,,,
2677,0,1,FALSE,,,,,,,
2678,0,0,TRUE,,,,,,,
2679,1,1,TRUE,,,,,,,
2680,1,1,TRUE,,,,,,,
2681,1,1,TRUE,,,,,,,
2682,0,1,FALSE,,,,,,,
2683,1,1,TRUE,,,,,,,
2684,1,0,FALSE,,,,,,,
2685,1,1,TRUE,,,,,,,
2686,0,0,TRUE,,,,,,,
2687,1,1,TRUE,,,,,,,
2688,0,0,TRUE,,,,,,,
2689,0,0,TRUE,,,,,,,
2690,0,1,FALSE,,,,,,,
2691,1,1,TRUE,,,,,,,
2692,1,0,FALSE,,,,,,,
2693,0,0,TRUE,,,,,,,
2694,0,0,TRUE,,,,,,,
2695,1,0,FALSE,,,,,,,
2696,0,0,TRUE,,,,,,,
2697,0,1,FALSE,,,,,,,
2698,0,0,TRUE,,,,,,,
2699,0,1,FALSE,,,,,,,
2700,0,1,FALSE,,,,,,,
2701,-1,0,FALSE,,,,,,,
2702,0,0,TRUE,,,,,,,
2703,-1,1,FALSE,,,,,,,
2704,0,0,TRUE,,,,,,,
2705,1,1,TRUE,,,,,,,
2706,0,1,FALSE,,,,,,,
2707,0,1,FALSE,,,,,,,
2708,0,1,FALSE,,,,,,,
2709,0,0,TRUE,,,,,,,
2710,1,0,FALSE,,,,,,,
2711,0,1,FALSE,,,,,,,
2712,1,1,TRUE,,,,,,,
2713,0,1,FALSE,,,,,,,
2714,0,0,TRUE,,,,,,,
2715,0,1,FALSE,,,,,,,
2716,1,1,TRUE,,,,,,,
2717,1,1,TRUE,,,,,,,
2718,0,0,TRUE,,,,,,,
2719,0,0,TRUE,,,,,,,
2720,0,0,TRUE,,,,,,,
2721,-1,1,FALSE,,,,,,,
2722,1,0,FALSE,,,,,,,
2723,1,0,FALSE,,,,,,,
2724,0,0,TRUE,,,,,,,
2725,1,-1,FALSE,,,,,,,
2726,0,1,FALSE,,,,,,,
2727,0,0,TRUE,,,,,,,
2728,1,0,FALSE,,,,,,,
2729,0,0,TRUE,,,,,,,
2730,-1,1,FALSE,,,,,,,
2731,1,0,FALSE,,,,,,,
2732,0,0,TRUE,,,,,,,
2733,-1,1,FALSE,,,,,,,
2734,-1,1,FALSE,,,,,,,
2735,0,0,TRUE,,,,,,,
2736,1,0,FALSE,,,,,,,
2737,1,0,FALSE,,,,,,,
2738,1,0,FALSE,,,,,,,
2739,-1,0,FALSE,,,,,,,
2740,0,1,FALSE,,,,,,,
2741,-1,1,FALSE,,,,,,,
2742,-1,1,FALSE,,,,,,,
2743,1,1,TRUE,,,,,,,
2744,0,0,TRUE,,,,,,,
2745,1,0,FALSE,,,,,,,
2746,0,1,FALSE,,,,,,,
2747,0,1,FALSE,,,,,,,
2748,0,0,TRUE,,,,,,,
2749,1,0,FALSE,,,,,,,
2750,0,0,TRUE,,,,,,,
2751,0,1,FALSE,,,,,,,
2752,0,0,TRUE,,,,,,,
2753,0,0,TRUE,,,,,,,
2754,-1,1,FALSE,,,,,,,
2755,0,0,TRUE,,,,,,,
2756,-1,1,FALSE,,,,,,,
2757,0,1,FALSE,,,,,,,
2758,1,0,FALSE,,,,,,,
2759,-1,0,FALSE,,,,,,,
2760,0,0,TRUE,,,,,,,
2761,0,1,FALSE,,,,,,,
2762,0,1,FALSE,,,,,,,
2763,1,-1,FALSE,,,,,,,
2764,-1,0,FALSE,,,,,,,
2765,0,1,FALSE,,,,,,,
2766,0,1,FALSE,,,,,,,
2767,1,1,TRUE,,,,,,,
2768,0,1,FALSE,,,,,,,
2769,1,0,FALSE,,,,,,,
2770,1,1,TRUE,,,,,,,
2771,-1,0,FALSE,,,,,,,
2772,1,0,FALSE,,,,,,,
2773,0,0,TRUE,,,,,,,
2774,0,0,TRUE,,,,,,,
2775,0,0,TRUE,,,,,,,
2776,0,0,TRUE,,,,,,,
2777,1,0,FALSE,,,,,,,
2778,0,0,TRUE,,,,,,,
2779,0,0,TRUE,,,,,,,
2780,1,1,TRUE,,,,,,,
2781,1,0,FALSE,,,,,,,
2782,0,0,TRUE,,,,,,,
2783,0,1,FALSE,,,,,,,
2784,0,0,TRUE,,,,,,,
2785,0,0,TRUE,,,,,,,
2786,0,0,TRUE,,,,,,,
2787,0,0,TRUE,,,,,,,
2788,0,0,TRUE,,,,,,,
2789,0,0,TRUE,,,,,,,
2790,0,1,FALSE,,,,,,,
2791,0,0,TRUE,,,,,,,
2792,0,0,TRUE,,,,,,,
2793,0,1,FALSE,,,,,,,
2794,0,0,TRUE,,,,,,,
2795,1,1,TRUE,,,,,,,
2796,1,1,TRUE,,,,,,,
2797,0,-1,FALSE,,,,,,,
2798,1,0,FALSE,,,,,,,
2799,1,1,TRUE,,,,,,,
2800,-1,1,FALSE,,,,,,,
2801,0,1,FALSE,,,,,,,
2802,0,0,TRUE,,,,,,,
2803,1,0,FALSE,,,,,,,
2804,0,0,TRUE,,,,,,,
2805,1,0,FALSE,,,,,,,
2806,1,0,FALSE,,,,,,,
2807,0,0,TRUE,,,,,,,
2808,-1,1,FALSE,,,,,,,
2809,1,1,TRUE,,,,,,,
2810,0,0,TRUE,,,,,,,
2811,1,0,FALSE,,,,,,,
2812,1,0,FALSE,,,,,,,
2813,1,1,TRUE,,,,,,,
2814,1,1,TRUE,,,,,,,
2815,0,0,TRUE,,,,,,,
2816,1,1,TRUE,,,,,,,
2817,0,0,TRUE,,,,,,,
2818,-1,1,FALSE,,,,,,,
2819,1,0,FALSE,,,,,,,
2820,0,0,TRUE,,,,,,,
2821,1,0,FALSE,,,,,,,
2822,0,-1,FALSE,,,,,,,
2823,0,1,FALSE,,,,,,,
2824,0,0,TRUE,,,,,,,
2825,0,0,TRUE,,,,,,,
2826,0,0,TRUE,,,,,,,
2827,0,1,FALSE,,,,,,,
2828,0,1,FALSE,,,,,,,
2829,0,1,FALSE,,,,,,,
2830,-1,-1,TRUE,,,,,,,
2831,0,0,TRUE,,,,,,,
2832,1,0,FALSE,,,,,,,
2833,1,1,TRUE,,,,,,,
2834,1,1,TRUE,,,,,,,
2835,1,0,FALSE,,,,,,,
2836,1,-1,FALSE,,,,,,,
2837,1,0,FALSE,,,,,,,
2838,1,1,TRUE,,,,,,,
2839,-1,1,FALSE,,,,,,,
2840,1,0,FALSE,,,,,,,
2841,1,1,TRUE,,,,,,,
2842,0,0,TRUE,,,,,,,
2843,1,0,FALSE,,,,,,,
2844,0,1,FALSE,,,,,,,
2845,0,0,TRUE,,,,,,,
2846,1,-1,FALSE,,,,,,,
2847,-1,0,FALSE,,,,,,,
2848,0,1,FALSE,,,,,,,
2849,1,0,FALSE,,,,,,,
2850,0,1,FALSE,,,,,,,
2851,0,0,TRUE,,,,,,,
2852,-1,1,FALSE,,,,,,,
2853,0,1,FALSE,,,,,,,
2854,-1,0,FALSE,,,,,,,
2855,0,0,TRUE,,,,,,,
2856,1,1,TRUE,,,,,,,
2857,0,1,FALSE,,,,,,,
2858,1,0,FALSE,,,,,,,
2859,0,0,TRUE,,,,,,,
2860,0,1,FALSE,,,,,,,
2861,0,0,TRUE,,,,,,,
2862,1,1,TRUE,,,,,,,
2863,0,0,TRUE,,,,,,,
2864,1,1,TRUE,,,,,,,
2865,1,0,FALSE,,,,,,,
2866,0,0,TRUE,,,,,,,
2867,0,1,FALSE,,,,,,,
2868,0,0,TRUE,,,,,,,
2869,1,1,TRUE,,,,,,,
2870,1,0,FALSE,,,,,,,
2871,1,1,TRUE,,,,,,,
2872,0,0,TRUE,,,,,,,
2873,1,1,TRUE,,,,,,,
2874,0,0,TRUE,,,,,,,
2875,0,0,TRUE,,,,,,,
2876,1,0,FALSE,,,,,,,
2877,-1,0,FALSE,,,,,,,
2878,0,1,FALSE,,,,,,,
2879,0,0,TRUE,,,,,,,
2880,0,0,TRUE,,,,,,,
2881,-1,1,FALSE,,,,,,,
2882,1,0,FALSE,,,,,,,
2883,0,0,TRUE,,,,,,,
2884,1,0,FALSE,,,,,,,
2885,-1,0,FALSE,,,,,,,
2886,1,1,TRUE,,,,,,,
2887,-1,1,FALSE,,,,,,,
2888,0,0,TRUE,,,,,,,
2889,0,1,FALSE,,,,,,,
2890,1,0,FALSE,,,,,,,
2891,-1,-1,TRUE,,,,,,,
2892,1,-1,FALSE,,,,,,,
2893,1,1,TRUE,,,,,,,
2894,1,0,FALSE,,,,,,,
2895,0,0,TRUE,,,,,,,
2896,1,1,TRUE,,,,,,,
2897,1,0,FALSE,,,,,,,
2898,0,0,TRUE,,,,,,,
2899,0,1,FALSE,,,,,,,
2900,0,1,FALSE,,,,,,,
2901,1,0,FALSE,,,,,,,
2902,0,0,TRUE,,,,,,,
2903,1,1,TRUE,,,,,,,
2904,-1,1,FALSE,,,,,,,
2905,1,1,TRUE,,,,,,,
2906,1,0,FALSE,,,,,,,
2907,-1,0,FALSE,,,,,,,
2908,1,0,FALSE,,,,,,,
2909,0,0,TRUE,,,,,,,
2910,-1,0,FALSE,,,,,,,
2911,1,1,TRUE,,,,,,,
2912,1,0,FALSE,,,,,,,
2913,-1,1,FALSE,,,,,,,
2914,0,0,TRUE,,,,,,,
2915,0,0,TRUE,,,,,,,
2916,0,0,TRUE,,,,,,,
2917,0,0,TRUE,,,,,,,
2918,1,1,TRUE,,,,,,,
2919,1,1,TRUE,,,,,,,
2920,0,0,TRUE,,,,,,,
2921,1,0,FALSE,,,,,,,
2922,1,0,FALSE,,,,,,,
2923,1,0,FALSE,,,,,,,
2924,1,0,FALSE,,,,,,,
2925,0,1,FALSE,,,,,,,
2926,0,1,FALSE,,,,,,,
2927,0,0,TRUE,,,,,,,
2928,0,0,TRUE,,,,,,,
2929,-1,0,FALSE,,,,,,,
2930,1,0,FALSE,,,,,,,
2931,1,1,TRUE,,,,,,,
2932,1,0,FALSE,,,,,,,
2933,0,0,TRUE,,,,,,,
2934,0,0,TRUE,,,,,,,
2935,0,1,FALSE,,,,,,,
2936,0,0,TRUE,,,,,,,
2937,0,1,FALSE,,,,,,,
2938,0,0,TRUE,,,,,,,
2939,1,1,TRUE,,,,,,,
2940,1,1,TRUE,,,,,,,
2941,-1,1,FALSE,,,,,,,
2942,-1,0,FALSE,,,,,,,
2943,1,0,FALSE,,,,,,,
2944,1,0,FALSE,,,,,,,
2945,-1,1,FALSE,,,,,,,
2946,1,0,FALSE,,,,,,,
2947,1,0,FALSE,,,,,,,
2948,1,0,FALSE,,,,,,,
2949,0,0,TRUE,,,,,,,
2950,-1,1,FALSE,,,,,,,
2951,1,1,TRUE,,,,,,,
2952,1,0,FALSE,,,,,,,
2953,0,0,TRUE,,,,,,,
2954,0,0,TRUE,,,,,,,
2955,-1,1,FALSE,,,,,,,
2956,0,0,TRUE,,,,,,,
2957,0,0,TRUE,,,,,,,
2958,0,1,FALSE,,,,,,,
2959,0,0,TRUE,,,,,,,
2960,0,0,TRUE,,,,,,,
2961,-1,1,FALSE,,,,,,,
2962,1,0,FALSE,,,,,,,
2963,-1,0,FALSE,,,,,,,
2964,0,0,TRUE,,,,,,,
2965,-1,0,FALSE,,,,,,,
2966,0,1,FALSE,,,,,,,
2967,1,1,TRUE,,,,,,,
2968,0,1,FALSE,,,,,,,
2969,0,1,FALSE,,,,,,,
2970,1,1,TRUE,,,,,,,
2971,0,0,TRUE,,,,,,,
2972,1,1,TRUE,,,,,,,
2973,1,0,FALSE,,,,,,,
2974,-1,0,FALSE,,,,,,,
2975,1,0,FALSE,,,,,,,
2976,-1,1,FALSE,,,,,,,
2977,0,1,FALSE,,,,,,,
2978,1,1,TRUE,,,,,,,
2979,-1,-1,TRUE,,,,,,,
2980,0,1,FALSE,,,,,,,
2981,1,0,FALSE,,,,,,,
2982,-1,1,FALSE,,,,,,,
2983,1,0,FALSE,,,,,,,
2984,0,1,FALSE,,,,,,,
2985,0,0,TRUE,,,,,,,
2986,-1,0,FALSE,,,,,,,
2987,0,0,TRUE,,,,,,,
2988,0,1,FALSE,,,,,,,
2989,0,1,FALSE,,,,,,,
2990,1,1,TRUE,,,,,,,
2991,0,1,FALSE,,,,,,,
2992,-1,1,FALSE,,,,,,,
2993,0,0,TRUE,,,,,,,
2994,0,1,FALSE,,,,,,,
2995,-1,1,FALSE,,,,,,,
2996,1,1,TRUE,,,,,,,
2997,0,1,FALSE,,,,,,,
2998,0,1,FALSE,,,,,,,
2999,1,0,FALSE,,,,,,,
3000,1,0,FALSE,,,,,,,
3001,0,0,TRUE,,,,,,,
3002,1,-1,FALSE,,,,,,,
3003,0,-1,FALSE,,,,,,,
3004,0,0,TRUE,,,,,,,
3005,0,0,TRUE,,,,,,,
3006,1,-1,FALSE,,,,,,,
3007,0,0,TRUE,,,,,,,
3008,-1,-1,TRUE,,,,,,,
3009,0,1,FALSE,,,,,,,
3010,0,0,TRUE,,,,,,,
3011,1,0,FALSE,,,,,,,
3012,0,1,FALSE,,,,,,,
3013,1,0,FALSE,,,,,,,
3014,1,0,FALSE,,,,,,,
3015,1,1,TRUE,,,,,,,
3016,1,0,FALSE,,,,,,,
3017,0,1,FALSE,,,,,,,
3018,1,0,FALSE,,,,,,,
3019,0,0,TRUE,,,,,,,
3020,-1,-1,TRUE,,,,,,,
3021,1,0,FALSE,,,,,,,
3022,0,0,TRUE,,,,,,,
3023,0,0,TRUE,,,,,,,
3024,0,0,TRUE,,,,,,,
3025,1,1,TRUE,,,,,,,
3026,1,1,TRUE,,,,,,,
3027,1,1,TRUE,,,,,,,
3028,1,1,TRUE,,,,,,,
3029,1,1,TRUE,,,,,,,
3030,1,0,FALSE,,,,,,,
3031,1,0,FALSE,,,,,,,
3032,1,0,FALSE,,,,,,,
3033,0,1,FALSE,,,,,,,
3034,-1,1,FALSE,,,,,,,
3035,0,1,FALSE,,,,,,,
3036,0,0,TRUE,,,,,,,
3037,1,0,FALSE,,,,,,,
3038,1,0,FALSE,,,,,,,
3039,0,1,FALSE,,,,,,,
3040,1,1,TRUE,,,,,,,
3041,0,0,TRUE,,,,,,,
3042,0,0,TRUE,,,,,,,
3043,1,0,FALSE,,,,,,,
3044,1,1,TRUE,,,,,,,
3045,0,1,FALSE,,,,,,,
3046,-1,1,FALSE,,,,,,,
3047,1,1,TRUE,,,,,,,
3048,-1,0,FALSE,,,,,,,
3049,1,1,TRUE,,,,,,,
3050,0,1,FALSE,,,,,,,
3051,1,1,TRUE,,,,,,,
3052,1,0,FALSE,,,,,,,
3053,0,1,FALSE,,,,,,,
3054,0,-1,FALSE,,,,,,,
3055,-1,0,FALSE,,,,,,,
3056,1,-1,FALSE,,,,,,,
3057,-1,0,FALSE,,,,,,,
3058,0,1,FALSE,,,,,,,
3059,0,1,FALSE,,,,,,,
3060,-1,0,FALSE,,,,,,,
3061,-1,1,FALSE,,,,,,,
3062,1,0,FALSE,,,,,,,
3063,1,0,FALSE,,,,,,,
3064,0,1,FALSE,,,,,,,
3065,1,1,TRUE,,,,,,,
3066,1,0,FALSE,,,,,,,
3067,0,1,FALSE,,,,,,,
3068,1,0,FALSE,,,,,,,
3069,0,1,FALSE,,,,,,,
3070,1,1,TRUE,,,,,,,
3071,1,1,TRUE,,,,,,,
3072,1,1,TRUE,,,,,,,
3073,-1,1,FALSE,,,,,,,
3074,1,1,TRUE,,,,,,,
3075,-1,1,FALSE,,,,,,,
3076,0,0,TRUE,,,,,,,
3077,-1,0,FALSE,,,,,,,
3078,1,0,FALSE,,,,,,,
3079,0,1,FALSE,,,,,,,
3080,0,0,TRUE,,,,,,,
3081,1,0,FALSE,,,,,,,
3082,1,-1,FALSE,,,,,,,
3083,1,0,FALSE,,,,,,,
3084,1,0,FALSE,,,,,,,
3085,0,1,FALSE,,,,,,,
3086,0,0,TRUE,,,,,,,
3087,1,0,FALSE,,,,,,,
3088,1,0,FALSE,,,,,,,
3089,1,-1,FALSE,,,,,,,
3090,1,0,FALSE,,,,,,,
3091,1,0,FALSE,,,,,,,
3092,1,0,FALSE,,,,,,,
3093,-1,-1,TRUE,,,,,,,
3094,0,1,FALSE,,,,,,,
3095,0,1,FALSE,,,,,,,
3096,1,-1,FALSE,,,,,,,
3097,0,1,FALSE,,,,,,,
3098,1,0,FALSE,,,,,,,
3099,1,1,TRUE,,,,,,,
3100,0,0,TRUE,,,,,,,
3101,0,0,TRUE,,,,,,,
3102,0,0,TRUE,,,,,,,
3103,1,1,TRUE,,,,,,,
3104,1,-1,FALSE,,,,,,,
3105,1,0,FALSE,,,,,,,
3106,-1,0,FALSE,,,,,,,
3107,1,0,FALSE,,,,,,,
3108,1,0,FALSE,,,,,,,
3109,0,0,TRUE,,,,,,,
3110,0,0,TRUE,,,,,,,
3111,1,1,TRUE,,,,,,,
3112,0,1,FALSE,,,,,,,
3113,1,0,FALSE,,,,,,,
3114,0,0,TRUE,,,,,,,
3115,1,1,TRUE,,,,,,,
3116,0,1,FALSE,,,,,,,
3117,1,1,TRUE,,,,,,,
3118,-1,1,FALSE,,,,,,,
3119,1,1,TRUE,,,,,,,
3120,1,0,FALSE,,,,,,,
3121,1,0,FALSE,,,,,,,
3122,1,0,FALSE,,,,,,,
3123,0,0,TRUE,,,,,,,
3124,1,0,FALSE,,,,,,,
3125,-1,0,FALSE,,,,,,,
3126,0,1,FALSE,,,,,,,
3127,0,0,TRUE,,,,,,,
3128,0,1,FALSE,,,,,,,
3129,1,0,FALSE,,,,,,,
3130,0,1,FALSE,,,,,,,
3131,-1,0,FALSE,,,,,,,
3132,-1,1,FALSE,,,,,,,
3133,1,1,TRUE,,,,,,,
3134,1,1,TRUE,,,,,,,
3135,0,0,TRUE,,,,,,,
3136,1,0,FALSE,,,,,,,
3137,0,1,FALSE,,,,,,,
3138,0,1,FALSE,,,,,,,
3139,1,0,FALSE,,,,,,,
3140,0,1,FALSE,,,,,,,
3141,0,1,FALSE,,,,,,,
3142,0,1,FALSE,,,,,,,
3143,0,0,TRUE,,,,,,,
3144,1,0,FALSE,,,,,,,
3145,0,1,FALSE,,,,,,,
3146,1,0,FALSE,,,,,,,
3147,0,1,FALSE,,,,,,,
3148,0,0,TRUE,,,,,,,
3149,1,0,FALSE,,,,,,,
3150,0,0,TRUE,,,,,,,
3151,1,0,FALSE,,,,,,,
3152,1,0,FALSE,,,,,,,
3153,1,1,TRUE,,,,,,,
3154,-1,0,FALSE,,,,,,,
3155,1,1,TRUE,,,,,,,
3156,0,0,TRUE,,,,,,,
3157,1,0,FALSE,,,,,,,
3158,-1,0,FALSE,,,,,,,
3159,1,1,TRUE,,,,,,,
3160,1,1,TRUE,,,,,,,
3161,0,1,FALSE,,,,,,,
3162,-1,0,FALSE,,,,,,,
3163,-1,0,FALSE,,,,,,,
3164,-1,0,FALSE,,,,,,,
3165,0,0,TRUE,,,,,,,
3166,1,0,FALSE,,,,,,,
3167,1,1,TRUE,,,,,,,
3168,0,0,TRUE,,,,,,,
3169,0,0,TRUE,,,,,,,
3170,0,-1,FALSE,,,,,,,
3171,0,1,FALSE,,,,,,,
3172,1,1,TRUE,,,,,,,
3173,0,0,TRUE,,,,,,,
3174,1,0,FALSE,,,,,,,
3175,0,1,FALSE,,,,,,,
3176,0,1,FALSE,,,,,,,
3177,-1,-1,TRUE,,,,,,,
3178,0,0,TRUE,,,,,,,
3179,0,0,TRUE,,,,,,,
3180,0,0,TRUE,,,,,,,
3181,-1,0,FALSE,,,,,,,
3182,1,0,FALSE,,,,,,,
3183,0,1,FALSE,,,,,,,
3184,-1,1,FALSE,,,,,,,
3185,1,0,FALSE,,,,,,,
3186,0,0,TRUE,,,,,,,
3187,-1,0,FALSE,,,,,,,
3188,0,1,FALSE,,,,,,,
3189,1,0,FALSE,,,,,,,
3190,-1,1,FALSE,,,,,,,
3191,1,0,FALSE,,,,,,,
3192,0,1,FALSE,,,,,,,
3193,0,0,TRUE,,,,,,,
3194,0,0,TRUE,,,,,,,
3195,0,1,FALSE,,,,,,,
3196,0,0,TRUE,,,,,,,
3197,1,0,FALSE,,,,,,,
3198,0,1,FALSE,,,,,,,
3199,1,0,FALSE,,,,,,,
3200,0,0,TRUE,,,,,,,
3201,0,1,FALSE,,,,,,,
3202,0,0,TRUE,,,,,,,
3203,1,0,FALSE,,,,,,,
3204,0,0,TRUE,,,,,,,
3205,1,0,FALSE,,,,,,,
3206,1,0,FALSE,,,,,,,
3207,0,0,TRUE,,,,,,,
3208,0,0,TRUE,,,,,,,
3209,0,0,TRUE,,,,,,,
3210,0,1,FALSE,,,,,,,
3211,1,1,TRUE,,,,,,,
3212,0,0,TRUE,,,,,,,
3213,0,0,TRUE,,,,,,,
3214,1,0,FALSE,,,,,,,
3215,0,0,TRUE,,,,,,,
3216,0,0,TRUE,,,,,,,
3217,1,1,TRUE,,,,,,,
3218,0,1,FALSE,,,,,,,
3219,0,0,TRUE,,,,,,,
3220,1,0,FALSE,,,,,,,
3221,1,0,FALSE,,,,,,,
3222,1,0,FALSE,,,,,,,
3223,-1,0,FALSE,,,,,,,
3224,0,-1,FALSE,,,,,,,
3225,1,0,FALSE,,,,,,,
3226,0,1,FALSE,,,,,,,
3227,1,0,FALSE,,,,,,,
3228,1,0,FALSE,,,,,,,
3229,1,0,FALSE,,,,,,,
3230,1,1,TRUE,,,,,,,
3231,0,1,FALSE,,,,,,,
3232,-1,0,FALSE,,,,,,,
3233,1,1,TRUE,,,,,,,
3234,0,-1,FALSE,,,,,,,
3235,1,1,TRUE,,,,,,,
3236,0,0,TRUE,,,,,,,
3237,1,0,FALSE,,,,,,,
3238,1,0,FALSE,,,,,,,
3239,1,1,TRUE,,,,,,,
3240,0,0,TRUE,,,,,,,
3241,0,0,TRUE,,,,,,,
3242,0,1,FALSE,,,,,,,
3243,0,0,TRUE,,,,,,,
3244,0,1,FALSE,,,,,,,
3245,0,0,TRUE,,,,,,,
3246,-1,1,FALSE,,,,,,,
3247,-1,0,FALSE,,,,,,,
3248,1,0,FALSE,,,,,,,
3249,1,0,FALSE,,,,,,,
3250,1,1,TRUE,,,,,,,
3251,0,1,FALSE,,,,,,,
3252,0,1,FALSE,,,,,,,
3253,0,0,TRUE,,,,,,,
3254,0,0,TRUE,,,,,,,
3255,0,1,FALSE,,,,,,,
3256,0,1,FALSE,,,,,,,
3257,0,1,FALSE,,,,,,,
3258,1,1,TRUE,,,,,,,
3259,1,0,FALSE,,,,,,,
3260,1,1,TRUE,,,,,,,
3261,-1,0,FALSE,,,,,,,
3262,-1,0,FALSE,,,,,,,
3263,0,1,FALSE,,,,,,,
3264,1,0,FALSE,,,,,,,
3265,0,0,TRUE,,,,,,,
3266,0,0,TRUE,,,,,,,
3267,0,0,TRUE,,,,,,,
3268,-1,0,FALSE,,,,,,,
3269,0,0,TRUE,,,,,,,
3270,1,1,TRUE,,,,,,,
3271,0,0,TRUE,,,,,,,
3272,0,0,TRUE,,,,,,,
3273,1,0,FALSE,,,,,,,
3274,1,1,TRUE,,,,,,,
3275,1,0,FALSE,,,,,,,
3276,0,0,TRUE,,,,,,,
3277,0,1,FALSE,,,,,,,
3278,0,0,TRUE,,,,,,,
3279,1,0,FALSE,,,,,,,
3280,1,0,FALSE,,,,,,,
3281,1,1,TRUE,,,,,,,
3282,0,0,TRUE,,,,,,,
3283,0,0,TRUE,,,,,,,
3284,1,1,TRUE,,,,,,,
3285,0,0,TRUE,,,,,,,
3286,1,0,FALSE,,,,,,,
3287,1,1,TRUE,,,,,,,
3288,0,-1,FALSE,,,,,,,
3289,1,0,FALSE,,,,,,,
3290,-1,0,FALSE,,,,,,,
3291,-1,0,FALSE,,,,,,,
3292,1,0,FALSE,,,,,,,
3293,1,0,FALSE,,,,,,,
3294,0,1,FALSE,,,,,,,
3295,0,0,TRUE,,,,,,,
3296,0,0,TRUE,,,,,,,
3297,0,0,TRUE,,,,,,,
3298,0,1,FALSE,,,,,,,
3299,0,1,FALSE,,,,,,,
3300,0,1,FALSE,,,,,,,
3301,1,0,FALSE,,,,,,,
3302,0,0,TRUE,,,,,,,
3303,1,1,TRUE,,,,,,,
3304,0,0,TRUE,,,,,,,
3305,0,1,FALSE,,,,,,,
3306,0,0,TRUE,,,,,,,
3307,0,0,TRUE,,,,,,,
3308,0,-1,FALSE,,,,,,,
3309,0,0,TRUE,,,,,,,
3310,0,0,TRUE,,,,,,,
3311,1,0,FALSE,,,,,,,
3312,-1,0,FALSE,,,,,,,
3313,0,1,FALSE,,,,,,,
3314,1,-1,FALSE,,,,,,,
3315,1,1,TRUE,,,,,,,
3316,0,0,TRUE,,,,,,,
3317,-1,0,FALSE,,,,,,,
3318,1,0,FALSE,,,,,,,
3319,0,0,TRUE,,,,,,,
3320,-1,0,FALSE,,,,,,,
3321,1,1,TRUE,,,,,,,
3322,1,0,FALSE,,,,,,,
3323,1,0,FALSE,,,,,,,
3324,1,1,TRUE,,,,,,,
3325,0,1,FALSE,,,,,,,
3326,1,1,TRUE,,,,,,,
3327,-1,1,FALSE,,,,,,,
3328,1,1,TRUE,,,,,,,
3329,1,-1,FALSE,,,,,,,
3330,1,0,FALSE,,,,,,,
3331,-1,1,FALSE,,,,,,,
3332,0,1,FALSE,,,,,,,
3333,1,0,FALSE,,,,,,,
3334,1,0,FALSE,,,,,,,
3335,0,1,FALSE,,,,,,,
3336,-1,1,FALSE,,,,,,,
3337,1,0,FALSE,,,,,,,
3338,0,1,FALSE,,,,,,,
3339,1,0,FALSE,,,,,,,
3340,0,0,TRUE,,,,,,,
3341,1,1,TRUE,,,,,,,
3342,0,0,TRUE,,,,,,,
3343,0,1,FALSE,,,,,,,
3344,1,1,TRUE,,,,,,,
3345,0,0,TRUE,,,,,,,
3346,0,0,TRUE,,,,,,,
3347,0,0,TRUE,,,,,,,
3348,0,0,TRUE,,,,,,,
3349,0,1,FALSE,,,,,,,
3350,0,1,FALSE,,,,,,,
3351,1,0,FALSE,,,,,,,
3352,0,1,FALSE,,,,,,,
3353,0,1,FALSE,,,,,,,
3354,0,0,TRUE,,,,,,,
3355,0,1,FALSE,,,,,,,
3356,0,-1,FALSE,,,,,,,
3357,0,0,TRUE,,,,,,,
3358,1,0,FALSE,,,,,,,
3359,0,1,FALSE,,,,,,,
3360,-1,0,FALSE,,,,,,,
3361,0,-1,FALSE,,,,,,,
3362,1,1,TRUE,,,,,,,
3363,-1,1,FALSE,,,,,,,
3364,1,1,TRUE,,,,,,,
3365,1,0,FALSE,,,,,,,
3366,0,1,FALSE,,,,,,,
3367,0,1,FALSE,,,,,,,
3368,0,1,FALSE,,,,,,,
3369,0,0,TRUE,,,,,,,
3370,1,1,TRUE,,,,,,,
3371,0,0,TRUE,,,,,,,
3372,0,0,TRUE,,,,,,,
3373,-1,0,FALSE,,,,,,,
3374,-1,1,FALSE,,,,,,,
3375,-1,1,FALSE,,,,,,,
3376,0,0,TRUE,,,,,,,
3377,0,0,TRUE,,,,,,,
3378,0,0,TRUE,,,,,,,
3379,1,0,FALSE,,,,,,,
3380,1,1,TRUE,,,,,,,
3381,0,1,FALSE,,,,,,,
3382,1,1,TRUE,,,,,,,
3383,0,1,FALSE,,,,,,,
3384,0,1,FALSE,,,,,,,
3385,0,1,FALSE,,,,,,,
3386,1,0,FALSE,,,,,,,
3387,0,0,TRUE,,,,,,,
3388,0,1,FALSE,,,,,,,
3389,-1,1,FALSE,,,,,,,
3390,0,0,TRUE,,,,,,,
3391,0,1,FALSE,,,,,,,
3392,1,0,FALSE,,,,,,,
3393,0,-1,FALSE,,,,,,,
3394,0,0,TRUE,,,,,,,
3395,-1,0,FALSE,,,,,,,
3396,0,0,TRUE,,,,,,,
3397,1,0,FALSE,,,,,,,
3398,1,0,FALSE,,,,,,,
3399,-1,1,FALSE,,,,,,,
3400,1,0,FALSE,,,,,,,
3401,0,0,TRUE,,,,,,,
3402,0,0,TRUE,,,,,,,
3403,1,1,TRUE,,,,,,,
3404,1,0,FALSE,,,,,,,
3405,1,1,TRUE,,,,,,,
3406,-1,0,FALSE,,,,,,,
3407,0,1,FALSE,,,,,,,
3408,1,0,FALSE,,,,,,,
3409,0,-1,FALSE,,,,,,,
3410,0,1,FALSE,,,,,,,
3411,-1,0,FALSE,,,,,,,
3412,0,0,TRUE,,,,,,,
3413,0,0,TRUE,,,,,,,
3414,-1,1,FALSE,,,,,,,
3415,0,0,TRUE,,,,,,,
3416,1,0,FALSE,,,,,,,
3417,1,0,FALSE,,,,,,,
3418,0,1,FALSE,,,,,,,
3419,1,0,FALSE,,,,,,,
3420,1,0,FALSE,,,,,,,
3421,1,1,TRUE,,,,,,,
3422,0,0,TRUE,,,,,,,
3423,0,0,TRUE,,,,,,,
3424,1,0,FALSE,,,,,,,
3425,0,1,FALSE,,,,,,,
3426,0,0,TRUE,,,,,,,
3427,1,0,FALSE,,,,,,,
3428,-1,0,FALSE,,,,,,,
3429,0,0,TRUE,,,,,,,
3430,0,0,TRUE,,,,,,,
3431,0,1,FALSE,,,,,,,
3432,1,0,FALSE,,,,,,,
3433,0,1,FALSE,,,,,,,
3434,-1,0,FALSE,,,,,,,
3435,1,0,FALSE,,,,,,,
3436,1,0,FALSE,,,,,,,
3437,1,0,FALSE,,,,,,,
3438,1,0,FALSE,,,,,,,
3439,0,0,TRUE,,,,,,,
3440,0,0,TRUE,,,,,,,
3441,0,1,FALSE,,,,,,,
3442,1,0,FALSE,,,,,,,
3443,-1,1,FALSE,,,,,,,
3444,1,0,FALSE,,,,,,,
3445,0,0,TRUE,,,,,,,
3446,0,0,TRUE,,,,,,,
3447,0,0,TRUE,,,,,,,
3448,-1,0,FALSE,,,,,,,
3449,0,1,FALSE,,,,,,,
3450,0,1,FALSE,,,,,,,
3451,0,0,TRUE,,,,,,,
3452,-1,0,FALSE,,,,,,,
3453,1,0,FALSE,,,,,,,
3454,0,0,TRUE,,,,,,,
3455,-1,1,FALSE,,,,,,,
3456,0,0,TRUE,,,,,,,
3457,0,0,TRUE,,,,,,,
3458,0,1,FALSE,,,,,,,
3459,-1,1,FALSE,,,,,,,
3460,1,0,FALSE,,,,,,,
3461,0,1,FALSE,,,,,,,
3462,-1,0,FALSE,,,,,,,
3463,0,1,FALSE,,,,,,,
3464,1,0,FALSE,,,,,,,
3465,0,1,FALSE,,,,,,,
3466,1,1,TRUE,,,,,,,
3467,1,-1,FALSE,,,,,,,
3468,0,0,TRUE,,,,,,,
3469,0,0,TRUE,,,,,,,
3470,-1,1,FALSE,,,,,,,
3471,1,0,FALSE,,,,,,,
3472,1,0,FALSE,,,,,,,
3473,-1,1,FALSE,,,,,,,
3474,0,1,FALSE,,,,,,,
3475,0,1,FALSE,,,,,,,
3476,1,0,FALSE,,,,,,,
3477,0,1,FALSE,,,,,,,
3478,-1,0,FALSE,,,,,,,
3479,0,0,TRUE,,,,,,,
3480,1,0,FALSE,,,,,,,
3481,-1,0,FALSE,,,,,,,
3482,-1,0,FALSE,,,,,,,
3483,1,1,TRUE,,,,,,,
3484,1,1,TRUE,,,,,,,
3485,0,0,TRUE,,,,,,,
3486,0,1,FALSE,,,,,,,
3487,0,1,FALSE,,,,,,,
3488,0,1,FALSE,,,,,,,
3489,1,1,TRUE,,,,,,,
3490,1,1,TRUE,,,,,,,
3491,0,0,TRUE,,,,,,,
3492,0,0,TRUE,,,,,,,
3493,0,1,FALSE,,,,,,,
3494,0,0,TRUE,,,,,,,
3495,0,0,TRUE,,,,,,,
3496,1,0,FALSE,,,,,,,
3497,1,0,FALSE,,,,,,,
3498,1,0,FALSE,,,,,,,
3499,0,0,TRUE,,,,,,,
3500,0,1,FALSE,,,,,,,
3501,0,1,FALSE,,,,,,,
3502,0,0,TRUE,,,,,,,
3503,1,1,TRUE,,,,,,,
3504,1,0,FALSE,,,,,,,
3505,1,0,FALSE,,,,,,,
3506,1,0,FALSE,,,,,,,
3507,0,1,FALSE,,,,,,,
3508,0,0,TRUE,,,,,,,
3509,1,1,TRUE,,,,,,,
3510,1,0,FALSE,,,,,,,
3511,0,0,TRUE,,,,,,,
3512,-1,0,FALSE,,,,,,,
3513,0,0,TRUE,,,,,,,
3514,-1,1,FALSE,,,,,,,
3515,1,1,TRUE,,,,,,,
3516,0,0,TRUE,,,,,,,
3517,-1,0,FALSE,,,,,,,
3518,0,0,TRUE,,,,,,,
3519,0,0,TRUE,,,,,,,
3520,0,0,TRUE,,,,,,,
3521,1,1,TRUE,,,,,,,
3522,1,0,FALSE,,,,,,,
3523,1,0,FALSE,,,,,,,
3524,-1,0,FALSE,,,,,,,
3525,1,0,FALSE,,,,,,,
3526,-1,0,FALSE,,,,,,,
3527,0,1,FALSE,,,,,,,
3528,0,0,TRUE,,,,,,,
3529,1,1,TRUE,,,,,,,
3530,0,0,TRUE,,,,,,,
3531,0,1,FALSE,,,,,,,
3532,1,1,TRUE,,,,,,,
3533,0,1,FALSE,,,,,,,
3534,0,1,FALSE,,,,,,,
3535,1,1,TRUE,,,,,,,
3536,1,1,TRUE,,,,,,,
3537,0,0,TRUE,,,,,,,
3538,0,0,TRUE,,,,,,,
3539,1,0,FALSE,,,,,,,
3540,1,1,TRUE,,,,,,,
3541,0,1,FALSE,,,,,,,
3542,0,0,TRUE,,,,,,,
3543,-1,0,FALSE,,,,,,,
3544,1,0,FALSE,,,,,,,
3545,0,1,FALSE,,,,,,,
3546,1,1,TRUE,,,,,,,
3547,0,0,TRUE,,,,,,,
3548,0,0,TRUE,,,,,,,
3549,1,0,FALSE,,,,,,,
3550,0,0,TRUE,,,,,,,
3551,0,1,FALSE,,,,,,,
3552,0,0,TRUE,,,,,,,
3553,1,1,TRUE,,,,,,,
3554,-1,1,FALSE,,,,,,,
3555,1,0,FALSE,,,,,,,
3556,0,0,TRUE,,,,,,,
3557,1,1,TRUE,,,,,,,
3558,0,1,FALSE,,,,,,,
3559,1,1,TRUE,,,,,,,
3560,0,1,FALSE,,,,,,,
3561,1,0,FALSE,,,,,,,
3562,1,0,FALSE,,,,,,,
3563,-1,0,FALSE,,,,,,,
3564,0,0,TRUE,,,,,,,
3565,0,-1,FALSE,,,,,,,
3566,0,0,TRUE,,,,,,,
3567,1,0,FALSE,,,,,,,
3568,1,1,TRUE,,,,,,,
3569,0,1,FALSE,,,,,,,
3570,1,1,TRUE,,,,,,,
3571,1,0,FALSE,,,,,,,
3572,0,-1,FALSE,,,,,,,
3573,0,0,TRUE,,,,,,,
3574,1,1,TRUE,,,,,,,
3575,1,1,TRUE,,,,,,,
3576,0,0,TRUE,,,,,,,
3577,1,0,FALSE,,,,,,,
3578,1,1,TRUE,,,,,,,
3579,0,1,FALSE,,,,,,,
3580,1,1,TRUE,,,,,,,
3581,1,0,FALSE,,,,,,,
3582,1,0,FALSE,,,,,,,
3583,1,1,TRUE,,,,,,,
3584,1,0,FALSE,,,,,,,
3585,-1,0,FALSE,,,,,,,
3586,0,0,TRUE,,,,,,,
3587,0,1,FALSE,,,,,,,
3588,0,0,TRUE,,,,,,,
3589,0,0,TRUE,,,,,,,
3590,-1,0,FALSE,,,,,,,
3591,-1,0,FALSE,,,,,,,
3592,0,1,FALSE,,,,,,,
3593,1,1,TRUE,,,,,,,
3594,1,0,FALSE,,,,,,,
3595,0,0,TRUE,,,,,,,
3596,1,0,FALSE,,,,,,,
3597,0,0,TRUE,,,,,,,
3598,0,1,FALSE,,,,,,,
3599,0,0,TRUE,,,,,,,
3600,1,0,FALSE,,,,,,,
3601,0,0,TRUE,,,,,,,
3602,1,0,FALSE,,,,,,,
3603,0,1,FALSE,,,,,,,
3604,0,0,TRUE,,,,,,,
3605,1,0,FALSE,,,,,,,
3606,1,0,FALSE,,,,,,,
3607,0,1,FALSE,,,,,,,
3608,1,1,TRUE,,,,,,,
3609,-1,0,FALSE,,,,,,,
3610,0,-1,FALSE,,,,,,,
3611,1,0,FALSE,,,,,,,
3612,-1,1,FALSE,,,,,,,
3613,1,0,FALSE,,,,,,,
3614,0,1,FALSE,,,,,,,
3615,0,0,TRUE,,,,,,,
3616,1,1,TRUE,,,,,,,
3617,1,1,TRUE,,,,,,,
3618,1,1,TRUE,,,,,,,
3619,1,-1,FALSE,,,,,,,
3620,1,0,FALSE,,,,,,,
3621,1,0,FALSE,,,,,,,
3622,1,1,TRUE,,,,,,,
3623,1,0,FALSE,,,,,,,
3624,1,1,TRUE,,,,,,,
3625,0,1,FALSE,,,,,,,
3626,1,1,TRUE,,,,,,,
3627,0,0,TRUE,,,,,,,
3628,1,0,FALSE,,,,,,,
3629,0,0,TRUE,,,,,,,
3630,1,0,FALSE,,,,,,,
3631,0,0,TRUE,,,,,,,
3632,1,1,TRUE,,,,,,,
3633,0,0,TRUE,,,,,,,
3634,0,0,TRUE,,,,,,,
3635,1,0,FALSE,,,,,,,
3636,1,1,TRUE,,,,,,,
3637,1,0,FALSE,,,,,,,
3638,0,0,TRUE,,,,,,,
3639,0,1,FALSE,,,,,,,
3640,0,0,TRUE,,,,,,,
3641,1,0,FALSE,,,,,,,
3642,0,0,TRUE,,,,,,,
3643,0,0,TRUE,,,,,,,
3644,-1,1,FALSE,,,,,,,
3645,0,1,FALSE,,,,,,,
3646,0,1,FALSE,,,,,,,
3647,1,1,TRUE,,,,,,,
3648,-1,0,FALSE,,,,,,,
3649,1,0,FALSE,,,,,,,
3650,1,1,TRUE,,,,,,,
3651,1,1,TRUE,,,,,,,
3652,1,0,FALSE,,,,,,,
3653,1,0,FALSE,,,,,,,
3654,1,1,TRUE,,,,,,,
3655,0,0,TRUE,,,,,,,
3656,1,1,TRUE,,,,,,,
3657,0,1,FALSE,,,,,,,
3658,1,0,FALSE,,,,,,,
3659,0,0,TRUE,,,,,,,
3660,0,1,FALSE,,,,,,,
3661,0,1,FALSE,,,,,,,
3662,0,0,TRUE,,,,,,,
3663,-1,1,FALSE,,,,,,,
3664,1,1,TRUE,,,,,,,
3665,1,-1,FALSE,,,,,,,
3666,1,1,TRUE,,,,,,,
3667,-1,1,FALSE,,,,,,,
3668,1,0,FALSE,,,,,,,
3669,1,0,FALSE,,,,,,,
3670,0,1,FALSE,,,,,,,
3671,-1,0,FALSE,,,,,,,
3672,-1,1,FALSE,,,,,,,
3673,0,1,FALSE,,,,,,,
3674,0,0,TRUE,,,,,,,
3675,1,-1,FALSE,,,,,,,
3676,0,1,FALSE,,,,,,,
3677,0,1,FALSE,,,,,,,
3678,-1,1,FALSE,,,,,,,
3679,0,1,FALSE,,,,,,,
3680,1,0,FALSE,,,,,,,
3681,1,1,TRUE,,,,,,,
3682,1,0,FALSE,,,,,,,
3683,1,1,TRUE,,,,,,,
3684,0,1,FALSE,,,,,,,
3685,1,0,FALSE,,,,,,,
3686,0,0,TRUE,,,,,,,
3687,1,0,FALSE,,,,,,,
3688,0,1,FALSE,,,,,,,
3689,0,1,FALSE,,,,,,,
3690,1,0,FALSE,,,,,,,
3691,1,1,TRUE,,,,,,,
3692,0,1,FALSE,,,,,,,
3693,0,0,TRUE,,,,,,,
3694,1,1,TRUE,,,,,,,
3695,1,0,FALSE,,,,,,,
3696,0,0,TRUE,,,,,,,
3697,0,1,FALSE,,,,,,,
3698,1,0,FALSE,,,,,,,
3699,0,0,TRUE,,,,,,,
3700,1,0,FALSE,,,,,,,
3701,0,1,FALSE,,,,,,,
3702,0,0,TRUE,,,,,,,
3703,0,1,FALSE,,,,,,,
3704,0,0,TRUE,,,,,,,
3705,0,1,FALSE,,,,,,,
3706,1,0,FALSE,,,,,,,
3707,0,0,TRUE,,,,,,,
3708,0,0,TRUE,,,,,,,
3709,1,-1,FALSE,,,,,,,
3710,0,1,FALSE,,,,,,,
3711,1,0,FALSE,,,,,,,
3712,0,0,TRUE,,,,,,,
3713,1,1,TRUE,,,,,,,
3714,1,-1,FALSE,,,,,,,
3715,0,0,TRUE,,,,,,,
3716,0,1,FALSE,,,,,,,
3717,0,1,FALSE,,,,,,,
3718,0,0,TRUE,,,,,,,
3719,1,1,TRUE,,,,,,,
3720,0,1,FALSE,,,,,,,
3721,0,1,FALSE,,,,,,,
3722,1,1,TRUE,,,,,,,
3723,0,0,TRUE,,,,,,,
3724,1,0,FALSE,,,,,,,
3725,0,1,FALSE,,,,,,,
3726,0,1,FALSE,,,,,,,
3727,1,1,TRUE,,,,,,,
3728,1,0,FALSE,,,,,,,
3729,1,1,TRUE,,,,,,,
3730,0,0,TRUE,,,,,,,
3731,0,1,FALSE,,,,,,,
3732,0,0,TRUE,,,,,,,
3733,0,1,FALSE,,,,,,,
3734,1,0,FALSE,,,,,,,
3735,0,0,TRUE,,,,,,,
3736,1,1,TRUE,,,,,,,
3737,0,1,FALSE,,,,,,,
3738,1,0,FALSE,,,,,,,
3739,0,0,TRUE,,,,,,,
3740,0,1,FALSE,,,,,,,
3741,1,0,FALSE,,,,,,,
3742,0,1,FALSE,,,,,,,
3743,1,1,TRUE,,,,,,,
3744,0,1,FALSE,,,,,,,
3745,0,1,FALSE,,,,,,,
3746,0,1,FALSE,,,,,,,
3747,1,1,TRUE,,,,,,,
3748,0,1,FALSE,,,,,,,
3749,0,1,FALSE,,,,,,,
3750,0,1,FALSE,,,,,,,
3751,1,1,TRUE,,,,,,,
3752,0,0,TRUE,,,,,,,
3753,1,1,TRUE,,,,,,,
3754,1,1,TRUE,,,,,,,
3755,-1,1,FALSE,,,,,,,
3756,1,0,FALSE,,,,,,,
3757,1,1,TRUE,,,,,,,
3758,0,-1,FALSE,,,,,,,
3759,1,0,FALSE,,,,,,,
3760,1,0,FALSE,,,,,,,
3761,0,0,TRUE,,,,,,,
3762,1,1,TRUE,,,,,,,
3763,0,1,FALSE,,,,,,,
3764,0,1,FALSE,,,,,,,
3765,1,1,TRUE,,,,,,,
3766,1,1,TRUE,,,,,,,
3767,0,1,FALSE,,,,,,,
3768,1,0,FALSE,,,,,,,
3769,-1,0,FALSE,,,,,,,
3770,0,1,FALSE,,,,,,,
3771,1,0,FALSE,,,,,,,
3772,1,0,FALSE,,,,,,,
3773,0,1,FALSE,,,,,,,
3774,0,1,FALSE,,,,,,,
3775,1,0,FALSE,,,,,,,
3776,1,1,TRUE,,,,,,,
3777,0,1,FALSE,,,,,,,
3778,1,1,TRUE,,,,,,,
3779,0,1,FALSE,,,,,,,
3780,1,1,TRUE,,,,,,,
3781,-1,1,FALSE,,,,,,,
3782,0,1,FALSE,,,,,,,
3783,0,1,FALSE,,,,,,,
3784,0,0,TRUE,,,,,,,
3785,1,0,FALSE,,,,,,,
3786,1,1,TRUE,,,,,,,
3787,0,1,FALSE,,,,,,,
3788,0,1,FALSE,,,,,,,
3789,1,0,FALSE,,,,,,,
3790,0,0,TRUE,,,,,,,
3791,1,1,TRUE,,,,,,,
3792,1,1,TRUE,,,,,,,
3793,1,0,FALSE,,,,,,,
3794,1,0,FALSE,,,,,,,
3795,1,0,FALSE,,,,,,,
3796,0,0,TRUE,,,,,,,
3797,1,1,TRUE,,,,,,,
3798,0,0,TRUE,,,,,,,
3799,0,1,FALSE,,,,,,,
3800,1,0,FALSE,,,,,,,
3801,1,1,TRUE,,,,,,,
3802,0,1,FALSE,,,,,,,
3803,1,0,FALSE,,,,,,,
3804,1,0,FALSE,,,,,,,
3805,0,0,TRUE,,,,,,,
3806,0,0,TRUE,,,,,,,
3807,-1,1,FALSE,,,,,,,
3808,-1,1,FALSE,,,,,,,
3809,1,1,TRUE,,,,,,,
3810,1,1,TRUE,,,,,,,
3811,0,1,FALSE,,,,,,,
3812,1,0,FALSE,,,,,,,
3813,1,1,TRUE,,,,,,,
3814,1,0,FALSE,,,,,,,
3815,0,1,FALSE,,,,,,,
3816,0,0,TRUE,,,,,,,
3817,1,0,FALSE,,,,,,,
3818,0,0,TRUE,,,,,,,
3819,0,0,TRUE,,,,,,,
3820,-1,0,FALSE,,,,,,,
3821,0,0,TRUE,,,,,,,
3822,1,0,FALSE,,,,,,,
3823,-1,1,FALSE,,,,,,,
3824,1,-1,FALSE,,,,,,,
3825,1,0,FALSE,,,,,,,
3826,0,1,FALSE,,,,,,,
3827,1,1,TRUE,,,,,,,
3828,0,0,TRUE,,,,,,,
3829,1,0,FALSE,,,,,,,
3830,0,0,TRUE,,,,,,,
3831,1,1,TRUE,,,,,,,
3832,0,0,TRUE,,,,,,,
3833,0,1,FALSE,,,,,,,
3834,0,0,TRUE,,,,,,,
3835,1,0,FALSE,,,,,,,
3836,1,0,FALSE,,,,,,,
3837,0,0,TRUE,,,,,,,
3838,0,0,TRUE,,,,,,,
3839,1,1,TRUE,,,,,,,
3840,-1,0,FALSE,,,,,,,
3841,0,0,TRUE,,,,,,,
3842,0,0,TRUE,,,,,,,
3843,1,0,FALSE,,,,,,,
3844,0,0,TRUE,,,,,,,
3845,1,0,FALSE,,,,,,,
3846,1,0,FALSE,,,,,,,
3847,1,1,TRUE,,,,,,,
3848,0,0,TRUE,,,,,,,
3849,1,-1,FALSE,,,,,,,
3850,-1,0,FALSE,,,,,,,
3851,-1,0,FALSE,,,,,,,
3852,-1,0,FALSE,,,,,,,
3853,0,0,TRUE,,,,,,,
3854,0,1,FALSE,,,,,,,
3855,0,1,FALSE,,,,,,,
3856,0,0,TRUE,,,,,,,
3857,0,1,FALSE,,,,,,,
3858,1,-1,FALSE,,,,,,,
3859,-1,0,FALSE,,,,,,,
3860,0,0,TRUE,,,,,,,
3861,-1,-1,TRUE,,,,,,,
3862,0,-1,FALSE,,,,,,,
3863,0,0,TRUE,,,,,,,
3864,0,1,FALSE,,,,,,,
3865,-1,1,FALSE,,,,,,,
3866,1,1,TRUE,,,,,,,
3867,-1,0,FALSE,,,,,,,
3868,0,0,TRUE,,,,,,,
3869,0,1,FALSE,,,,,,,
3870,1,-1,FALSE,,,,,,,
3871,1,1,TRUE,,,,,,,
3872,-1,1,FALSE,,,,,,,
3873,1,0,FALSE,,,,,,,
3874,0,0,TRUE,,,,,,,
3875,1,1,TRUE,,,,,,,
3876,0,1,FALSE,,,,,,,
3877,1,1,TRUE,,,,,,,
3878,1,0,FALSE,,,,,,,
3879,0,0,TRUE,,,,,,,
3880,0,0,TRUE,,,,,,,
3881,0,0,TRUE,,,,,,,
3882,1,1,TRUE,,,,,,,
3883,0,0,TRUE,,,,,,,
3884,0,1,FALSE,,,,,,,
3885,1,0,FALSE,,,,,,,
3886,1,1,TRUE,,,,,,,
3887,0,0,TRUE,,,,,,,
3888,0,0,TRUE,,,,,,,
3889,1,0,FALSE,,,,,,,
3890,1,0,FALSE,,,,,,,
3891,1,0,FALSE,,,,,,,
3892,1,0,FALSE,,,,,,,
3893,0,1,FALSE,,,,,,,
3894,1,0,FALSE,,,,,,,
3895,1,0,FALSE,,,,,,,
3896,0,0,TRUE,,,,,,,
3897,1,1,TRUE,,,,,,,
3898,1,0,FALSE,,,,,,,
3899,0,0,TRUE,,,,,,,
3900,-1,0,FALSE,,,,,,,
3901,0,0,TRUE,,,,,,,
3902,1,0,FALSE,,,,,,,
3903,0,0,TRUE,,,,,,,
3904,1,1,TRUE,,,,,,,
3905,1,0,FALSE,,,,,,,
3906,1,1,TRUE,,,,,,,
3907,0,0,TRUE,,,,,,,
3908,1,1,TRUE,,,,,,,
3909,-1,0,FALSE,,,,,,,
3910,1,1,TRUE,,,,,,,
3911,1,1,TRUE,,,,,,,
3912,0,1,FALSE,,,,,,,
3913,-1,0,FALSE,,,,,,,
3914,-1,0,FALSE,,,,,,,
3915,0,0,TRUE,,,,,,,
3916,1,0,FALSE,,,,,,,
3917,0,0,TRUE,,,,,,,
3918,0,-1,FALSE,,,,,,,
3919,0,0,TRUE,,,,,,,
3920,-1,0,FALSE,,,,,,,
3921,-1,0,FALSE,,,,,,,
3922,1,0,FALSE,,,,,,,
3923,-1,0,FALSE,,,,,,,
3924,0,0,TRUE,,,,,,,
3925,-1,0,FALSE,,,,,,,
3926,0,1,FALSE,,,,,,,
3927,1,1,TRUE,,,,,,,
3928,-1,0,FALSE,,,,,,,
3929,1,0,FALSE,,,,,,,
3930,1,0,FALSE,,,,,,,
3931,0,1,FALSE,,,,,,,
3932,0,0,TRUE,,,,,,,
3933,0,0,TRUE,,,,,,,
3934,0,0,TRUE,,,,,,,
3935,-1,1,FALSE,,,,,,,
3936,1,1,TRUE,,,,,,,
3937,1,0,FALSE,,,,,,,
3938,1,1,TRUE,,,,,,,
3939,-1,1,FALSE,,,,,,,
3940,0,0,TRUE,,,,,,,
3941,1,0,FALSE,,,,,,,
3942,0,1,FALSE,,,,,,,
3943,-1,0,FALSE,,,,,,,
3944,1,0,FALSE,,,,,,,
3945,0,0,TRUE,,,,,,,
3946,0,1,FALSE,,,,,,,
3947,0,0,TRUE,,,,,,,
3948,0,1,FALSE,,,,,,,
3949,1,1,TRUE,,,,,,,
3950,-1,0,FALSE,,,,,,,
3951,0,1,FALSE,,,,,,,
3952,0,0,TRUE,,,,,,,
3953,1,1,TRUE,,,,,,,
3954,1,0,FALSE,,,,,,,
3955,0,0,TRUE,,,,,,,
3956,0,1,FALSE,,,,,,,
3957,-1,0,FALSE,,,,,,,
3958,0,0,TRUE,,,,,,,
3959,0,0,TRUE,,,,,,,
3960,0,0,TRUE,,,,,,,
3961,0,0,TRUE,,,,,,,
3962,-1,0,FALSE,,,,,,,
3963,1,0,FALSE,,,,,,,
3964,1,1,TRUE,,,,,,,
3965,1,0,FALSE,,,,,,,
3966,0,0,TRUE,,,,,,,
3967,0,0,TRUE,,,,,,,
3968,0,1,FALSE,,,,,,,
3969,-1,0,FALSE,,,,,,,
3970,0,0,TRUE,,,,,,,
3971,1,1,TRUE,,,,,,,
3972,-1,0,FALSE,,,,,,,
3973,1,1,TRUE,,,,,,,
3974,0,1,FALSE,,,,,,,
3975,1,0,FALSE,,,,,,,
3976,0,0,TRUE,,,,,,,
3977,0,0,TRUE,,,,,,,
3978,1,0,FALSE,,,,,,,
3979,0,0,TRUE,,,,,,,
3980,0,0,TRUE,,,,,,,
3981,0,0,TRUE,,,,,,,
3982,0,1,FALSE,,,,,,,
3983,0,1,FALSE,,,,,,,
3984,0,0,TRUE,,,,,,,
3985,1,1,TRUE,,,,,,,
3986,0,1,FALSE,,,,,,,
3987,0,0,TRUE,,,,,,,
3988,0,0,TRUE,,,,,,,
3989,1,0,FALSE,,,,,,,
3990,0,1,FALSE,,,,,,,
3991,1,0,FALSE,,,,,,,
3992,1,1,TRUE,,,,,,,
3993,1,1,TRUE,,,,,,,
3994,0,-1,FALSE,,,,,,,
3995,0,0,TRUE,,,,,,,
3996,1,0,FALSE,,,,,,,
3997,1,0,FALSE,,,,,,,
3998,0,1,FALSE,,,,,,,
3999,0,1,FALSE,,,,,,,
4000,0,1,FALSE,,,,,,,
4001,0,-1,FALSE,,,,,,,
4002,0,0,TRUE,,,,,,,
4003,0,0,TRUE,,,,,,,
4004,0,1,FALSE,,,,,,,
4005,0,0,TRUE,,,,,,,
4006,1,0,FALSE,,,,,,,
4007,1,1,TRUE,,,,,,,
4008,0,-1,FALSE,,,,,,,
4009,0,1,FALSE,,,,,,,
4010,0,0,TRUE,,,,,,,
4011,0,0,TRUE,,,,,,,
4012,1,0,FALSE,,,,,,,
4013,0,1,FALSE,,,,,,,
4014,1,1,TRUE,,,,,,,
4015,1,1,TRUE,,,,,,,
4016,1,1,TRUE,,,,,,,
4017,0,1,FALSE,,,,,,,
4018,1,0,FALSE,,,,,,,
4019,1,1,TRUE,,,,,,,
4020,0,0,TRUE,,,,,,,
4021,0,0,TRUE,,,,,,,
4022,1,-1,FALSE,,,,,,,
4023,0,0,TRUE,,,,,,,
4024,0,1,FALSE,,,,,,,
4025,1,0,FALSE,,,,,,,
4026,0,0,TRUE,,,,,,,
4027,0,0,TRUE,,,,,,,
4028,-1,1,FALSE,,,,,,,
4029,0,0,TRUE,,,,,,,
4030,0,1,FALSE,,,,,,,
4031,0,0,TRUE,,,,,,,
4032,1,0,FALSE,,,,,,,
4033,0,0,TRUE,,,,,,,
4034,0,0,TRUE,,,,,,,
4035,0,-1,FALSE,,,,,,,
4036,0,1,FALSE,,,,,,,
4037,1,0,FALSE,,,,,,,
4038,-1,0,FALSE,,,,,,,
4039,1,1,TRUE,,,,,,,
4040,0,1,FALSE,,,,,,,
4041,0,1,FALSE,,,,,,,
4042,-1,0,FALSE,,,,,,,
4043,0,0,TRUE,,,,,,,
4044,0,0,TRUE,,,,,,,
4045,0,1,FALSE,,,,,,,
4046,1,0,FALSE,,,,,,,
4047,0,1,FALSE,,,,,,,
4048,1,0,FALSE,,,,,,,
4049,1,0,FALSE,,,,,,,
4050,1,0,FALSE,,,,,,,
4051,1,1,TRUE,,,,,,,
4052,-1,1,FALSE,,,,,,,
4053,1,0,FALSE,,,,,,,
4054,-1,0,FALSE,,,,,,,
4055,1,1,TRUE,,,,,,,
4056,0,0,TRUE,,,,,,,
4057,0,0,TRUE,,,,,,,
4058,0,0,TRUE,,,,,,,
4059,0,0,TRUE,,,,,,,
4060,1,0,FALSE,,,,,,,
4061,0,0,TRUE,,,,,,,
4062,0,0,TRUE,,,,,,,
4063,1,0,FALSE,,,,,,,
4064,1,0,FALSE,,,,,,,
4065,0,1,FALSE,,,,,,,
4066,-1,1,FALSE,,,,,,,
4067,0,1,FALSE,,,,,,,
4068,1,0,FALSE,,,,,,,
4069,1,0,FALSE,,,,,,,
4070,1,0,FALSE,,,,,,,
4071,1,0,FALSE,,,,,,,
4072,1,0,FALSE,,,,,,,
4073,0,1,FALSE,,,,,,,
4074,-1,1,FALSE,,,,,,,
4075,0,0,TRUE,,,,,,,
4076,1,0,FALSE,,,,,,,
4077,0,0,TRUE,,,,,,,
4078,1,0,FALSE,,,,,,,
4079,0,1,FALSE,,,,,,,
4080,1,1,TRUE,,,,,,,
4081,0,0,TRUE,,,,,,,
4082,0,1,FALSE,,,,,,,
4083,0,1,FALSE,,,,,,,
4084,-1,1,FALSE,,,,,,,
4085,1,0,FALSE,,,,,,,
4086,1,1,TRUE,,,,,,,
4087,1,0,FALSE,,,,,,,
4088,1,0,FALSE,,,,,,,
4089,0,0,TRUE,,,,,,,
4090,1,0,FALSE,,,,,,,
4091,0,0,TRUE,,,,,,,
4092,0,0,TRUE,,,,,,,
4093,-1,1,FALSE,,,,,,,
4094,1,1,TRUE,,,,,,,
4095,1,-1,FALSE,,,,,,,
4096,1,0,FALSE,,,,,,,
4097,-1,0,FALSE,,,,,,,
4098,1,0,FALSE,,,,,,,
4099,0,0,TRUE,,,,,,,
4100,-1,1,FALSE,,,,,,,
4101,0,1,FALSE,,,,,,,
4102,1,1,TRUE,,,,,,,
4103,0,1,FALSE,,,,,,,
4104,1,0,FALSE,,,,,,,
4105,0,0,TRUE,,,,,,,
4106,1,0,FALSE,,,,,,,
4107,0,1,FALSE,,,,,,,
4108,0,0,TRUE,,,,,,,
4109,1,0,FALSE,,,,,,,
4110,1,-1,FALSE,,,,,,,
4111,1,1,TRUE,,,,,,,
4112,-1,0,FALSE,,,,,,,
4113,0,0,TRUE,,,,,,,
4114,0,1,FALSE,,,,,,,
4115,1,0,FALSE,,,,,,,
4116,0,1,FALSE,,,,,,,
4117,1,0,FALSE,,,,,,,
4118,1,1,TRUE,,,,,,,
4119,1,0,FALSE,,,,,,,
4120,-1,1,FALSE,,,,,,,
4121,0,0,TRUE,,,,,,,
4122,1,0,FALSE,,,,,,,
4123,0,0,TRUE,,,,,,,
4124,1,0,FALSE,,,,,,,
4125,1,0,FALSE,,,,,,,
4126,0,0,TRUE,,,,,,,
4127,1,-1,FALSE,,,,,,,
4128,1,0,FALSE,,,,,,,
4129,1,1,TRUE,,,,,,,
4130,-1,1,FALSE,,,,,,,
4131,-1,1,FALSE,,,,,,,
4132,1,0,FALSE,,,,,,,
4133,0,0,TRUE,,,,,,,
4134,1,0,FALSE,,,,,,,
4135,0,0,TRUE,,,,,,,
4136,1,1,TRUE,,,,,,,
4137,0,1,FALSE,,,,,,,
4138,-1,0,FALSE,,,,,,,
4139,0,1,FALSE,,,,,,,
4140,0,1,FALSE,,,,,,,
4141,1,0,FALSE,,,,,,,
4142,1,0,FALSE,,,,,,,
4143,0,1,FALSE,,,,,,,
4144,0,1,FALSE,,,,,,,
4145,0,0,TRUE,,,,,,,
4146,1,0,FALSE,,,,,,,
4147,0,1,FALSE,,,,,,,
4148,0,0,TRUE,,,,,,,
4149,0,1,FALSE,,,,,,,
4150,1,1,TRUE,,,,,,,
4151,1,0,FALSE,,,,,,,
4152,1,0,FALSE,,,,,,,
4153,-1,-1,TRUE,,,,,,,
4154,0,1,FALSE,,,,,,,
4155,0,0,TRUE,,,,,,,
4156,1,0,FALSE,,,,,,,
4157,1,1,TRUE,,,,,,,
4158,1,1,TRUE,,,,,,,
4159,1,0,FALSE,,,,,,,
4160,0,0,TRUE,,,,,,,
4161,1,1,TRUE,,,,,,,
4162,-1,0,FALSE,,,,,,,
4163,0,1,FALSE,,,,,,,
4164,0,0,TRUE,,,,,,,
4165,0,0,TRUE,,,,,,,
4166,-1,1,FALSE,,,,,,,
4167,0,0,TRUE,,,,,,,
4168,0,1,FALSE,,,,,,,
4169,1,1,TRUE,,,,,,,
4170,0,1,FALSE,,,,,,,
4171,0,0,TRUE,,,,,,,
4172,0,1,FALSE,,,,,,,
4173,0,-1,FALSE,,,,,,,
4174,0,0,TRUE,,,,,,,
4175,1,1,TRUE,,,,,,,
4176,0,0,TRUE,,,,,,,
4177,0,1,FALSE,,,,,,,
4178,1,0,FALSE,,,,,,,
4179,0,1,FALSE,,,,,,,
4180,0,0,TRUE,,,,,,,
4181,1,0,FALSE,,,,,,,
4182,0,0,TRUE,,,,,,,
4183,1,0,FALSE,,,,,,,
4184,1,0,FALSE,,,,,,,
4185,1,0,FALSE,,,,,,,
4186,0,0,TRUE,,,,,,,
4187,1,0,FALSE,,,,,,,
4188,-1,0,FALSE,,,,,,,
4189,0,0,TRUE,,,,,,,
4190,1,-1,FALSE,,,,,,,
4191,1,-1,FALSE,,,,,,,
4192,0,-1,FALSE,,,,,,,
4193,1,1,TRUE,,,,,,,
4194,0,1,FALSE,,,,,,,
4195,1,1,TRUE,,,,,,,
4196,0,0,TRUE,,,,,,,
4197,1,1,TRUE,,,,,,,
4198,1,1,TRUE,,,,,,,
4199,1,0,FALSE,,,,,,,
4200,0,1,FALSE,,,,,,,
4201,1,0,FALSE,,,,,,,
4202,1,0,FALSE,,,,,,,
4203,1,0,FALSE,,,,,,,
4204,1,0,FALSE,,,,,,,
4205,1,0,FALSE,,,,,,,
4206,0,1,FALSE,,,,,,,
4207,1,1,TRUE,,,,,,,
4208,0,1,FALSE,,,,,,,
4209,0,1,FALSE,,,,,,,
4210,1,1,TRUE,,,,,,,
4211,1,0,FALSE,,,,,,,
4212,1,0,FALSE,,,,,,,
4213,1,1,TRUE,,,,,,,
4214,0,0,TRUE,,,,,,,
4215,0,1,FALSE,,,,,,,
4216,0,0,TRUE,,,,,,,
4217,0,0,TRUE,,,,,,,
4218,0,0,TRUE,,,,,,,
4219,0,1,FALSE,,,,,,,
4220,1,1,TRUE,,,,,,,
4221,0,1,FALSE,,,,,,,
4222,1,0,FALSE,,,,,,,
4223,0,0,TRUE,,,,,,,
4224,0,0,TRUE,,,,,,,
4225,1,1,TRUE,,,,,,,
4226,-1,1,FALSE,,,,,,,
4227,1,0,FALSE,,,,,,,
4228,0,0,TRUE,,,,,,,
4229,1,0,FALSE,,,,,,,
4230,0,1,FALSE,,,,,,,
4231,0,1,FALSE,,,,,,,
4232,-1,0,FALSE,,,,,,,
4233,-1,1,FALSE,,,,,,,
4234,0,0,TRUE,,,,,,,
4235,1,0,FALSE,,,,,,,
4236,0,0,TRUE,,,,,,,
4237,-1,0,FALSE,,,,,,,
4238,1,0,FALSE,,,,,,,